Date,Type,Action,Client IP,Country name,Domain,WAF alerts,HTTP verb,Request URL,HTTP version,Referrer,Response code,Response size,Cache status,Fingerprint,Country code,Access Rule ID,Origin IP,Origin response time,Continent Code
1543849260,Access,-,162.88.252.187,United States,zen86.cyberdemo.net,-,GET,/,1.1,-,200,1082,NOTCACHED,-,US,-,165.227.250.169:80,2.678,NA
1543849320,JSC,Block,162.88.252.148,United States,zen86.cyberdemo.net,-,GET,/,1.1,-,403,-,-,-,US,-,-,-,NA
1543849380,Access,-,162.88.252.189,United States,zen86.cyberdemo.net,-,GET,/,1.1,-,403,1086,-,-,US,-,-,-,NA
1543849440,Access,-,162.88.252.148,United States,zen86.cyberdemo.net,-,GET,/,1.1,-,403,1087,-,-,US,-,-,-,NA
1543849500,JSC,Block,162.88.252.170,United States,zen86.cyberdemo.net,-,GET,/vulnerabilities/weak_id?tag=/../../../../..//etc/passwd,1.1,-,403,-,-,-,US,-,-,-,NA
1543849560,JSC,Block,162.88.252.177,United States,zen86.cyberdemo.net,-,GET,/vulnerabilities/exec?a=telnet.exe,1.1,-,403,-,-,-,US,-,-,-,NA
1543849620,JSC,Block,162.88.252.189,United States,zen86.cyberdemo.net,-,GET,/,1.1,-,403,-,-,-,US,-,-,-,NA
1543849680,Access,-,162.88.252.131,United States,zen86.cyberdemo.net,-,GET,/vulnerabilities/exec?a=telnet.exe,1.1,-,403,1086,-,-,US,-,-,-,NA
1543849740,JSC,Block,162.88.252.131,United States,zen86.cyberdemo.net,-,GET,/vulnerabilities/exec?a=telnet.exe,1.1,-,403,-,-,-,US,-,-,-,NA
1543849800,JSC,Block,162.88.252.191,United States,zen86.cyberdemo.net,-,GET,/?american-express=***************,1.1,-,403,-,-,-,US,-,-,-,NA
1543849860,JSC,Block,162.88.252.161,United States,zen86.cyberdemo.net,-,GET,/,1.1,-,403,-,-,-,US,-,-,-,NA
1543849920,Access,-,162.88.252.191,United States,zen86.cyberdemo.net,-,GET,/?american-express=342948562818002,1.1,-,403,1086,-,-,US,-,-,-,NA
1543849980,Access,-,162.88.252.146,United States,zen86.cyberdemo.net,-,GET,/,1.1,-,200,1082,NOTCACHED,-,US,-,165.227.250.169:80,2.859,NA
1543850040,Access,-,162.88.252.161,United States,zen86.cyberdemo.net,-,GET,/,1.1,-,403,1086,-,-,US,-,-,-,NA
1543850100,JSC,Block,162.88.252.131,United States,zen86.cyberdemo.net,-,GET,/,1.1,-,403,-,-,-,US,-,-,-,NA
1543850160,Access,-,162.88.252.131,United States,zen86.cyberdemo.net,-,GET,/,1.1,-,403,1086,-,-,US,-,-,-,NA
1543850220,JSC,Block,162.88.252.159,United States,zen86.cyberdemo.net,-,GET,/,1.1,-,403,-,-,-,US,-,-,-,NA
1543850280,JSC,Block,162.88.252.180,United States,zen86.cyberdemo.net,-,GET,/,1.1,-,403,-,-,-,US,-,-,-,NA
1543850340,Access,-,162.88.252.180,United States,zen86.cyberdemo.net,-,GET,/,1.1,-,403,1086,-,-,US,-,-,-,NA
1543850400,Access,-,162.88.252.159,United States,zen86.cyberdemo.net,-,GET,/,1.1,-,403,1086,-,-,US,-,-,-,NA
1543850460,Access,-,162.88.252.173,United States,zen86.cyberdemo.net,-,GET,/,1.1,-,200,1082,NOTCACHED,-,US,-,165.227.250.169:80,2.123,NA
1543850520,JSC,Block,162.88.252.179,United States,zen86.cyberdemo.net,-,GET,/vulnerabilities/exec?a=telnet.exe,1.1,-,403,-,-,-,US,-,-,-,NA
1543850580,Access,-,162.88.252.179,United States,zen86.cyberdemo.net,-,GET,/vulnerabilities/exec?a=telnet.exe,1.1,-,403,1087,-,-,US,-,-,-,NA
1543850640,JSC,Block,162.88.252.171,United States,zen86.cyberdemo.net,-,GET,/vulnerabilities/xss_d?ver=1.2.1));waitfordelay'0:0:4'--,1.1,-,403,-,-,-,US,-,-,-,NA
1543850700,Access,-,162.88.252.171,United States,zen86.cyberdemo.net,-,GET,/vulnerabilities/xss_d?ver=1.2.1));waitfordelay'0:0:4'--,1.1,-,403,1092,-,-,US,-,-,-,NA
1543850760,Access,-,162.88.252.135,United States,zen86.cyberdemo.net,-,GET,/vulnerabilities/exec?a=telnet.exe,1.1,-,403,1087,-,-,US,-,-,-,NA
1543850820,JSC,Block,162.88.252.135,United States,zen86.cyberdemo.net,-,GET,/vulnerabilities/exec?a=telnet.exe,1.1,-,403,-,-,-,US,-,-,-,NA
1543850880,JSC,Block,162.88.252.147,United States,zen86.cyberdemo.net,-,GET,/,1.1,-,403,-,-,-,US,-,-,-,NA
1543850940,Access,-,162.88.252.154,United States,zen86.cyberdemo.net,-,GET,/,1.1,-,403,1087,-,-,US,-,-,-,NA
1543851000,JSC,Block,162.88.252.164,United States,zen86.cyberdemo.net,-,GET,/,1.1,-,403,-,-,-,US,-,-,-,NA
1543851060,Access,-,162.88.252.147,United States,zen86.cyberdemo.net,-,GET,/,1.1,-,403,1087,-,-,US,-,-,-,NA
1543851120,JSC,Block,162.88.252.154,United States,zen86.cyberdemo.net,-,GET,/,1.1,-,403,-,-,-,US,-,-,-,NA
1543851180,Access,-,162.88.252.164,United States,zen86.cyberdemo.net,-,GET,/,1.1,-,403,1087,-,-,US,-,-,-,NA
1543851240,WAF Rules,Block,162.88.252.129,-,zen86.cyberdemo.net,"[{""id""=>""950005"", ""message""=>""Remote File Access Attempt. Matched Data: /etc/ found within ARGS:tag: /../../../../..//etc/passwd"", ""data""=>""Warning. Pattern match \""(?:\\\\b(?:\\\\.(?:ht(?:access|passwd|group)|www_?acl)|global\\\\.asa|httpd\\\\.conf|boot\\\\.ini)\\\\b|\\\\/etc\\\\/)\"" at ARGS:tag.""}, {""id""=>""960024"", ""message""=>""Meta-Character Anomaly Detection Alert - Repetative Non-Word Characters"", ""data""=>""Warning. Pattern match \""\\\\W{4,}\"" at ARGS:tag.""}, {""id""=>""950103"", ""message""=>""Path Traversal Attack. Matched variable: REQUEST_URI with value: /vulnerabilities/weak_id?tag=/../../../../..//etc/passwd"", ""data""=>""Access denied with code 403 (phase 2). Pattern match \""\\\\.\\\\.[/\\\\x5c]\"" at REQUEST_URI.""}]",GET,/vulnerabilities/weak_id?tag=/../../../../..//etc/passwd,HTTP/1.1,-,-,-,-,-,-,-,-,-,-
1543851300,JSC,Block,162.88.252.177,United States,zen86.cyberdemo.net,-,GET,/?american-express=***************,1.1,-,403,-,-,-,US,-,-,-,NA
1543851360,Access,-,162.88.252.129,United States,zen86.cyberdemo.net,-,GET,/vulnerabilities/weak_id?tag=/../../../../..//etc/passwd,1.1,-,403,2414,-,-,US,-,-,0.007,NA
1543851420,Access,-,162.88.252.177,United States,zen86.cyberdemo.net,-,GET,/?american-express=342948562818002,1.1,-,403,1086,-,-,US,-,-,-,NA
1543851480,Access,-,162.88.252.158,United States,zen86.cyberdemo.net,-,GET,/vulnerabilities/exec?a=telnet.exe,1.1,-,403,1087,-,-,US,-,-,-,NA
1543851540,JSC,Block,162.88.252.158,United States,zen86.cyberdemo.net,-,GET,/vulnerabilities/exec?a=telnet.exe,1.1,-,403,-,-,-,US,-,-,-,NA
1543851600,Access,-,162.88.252.134,United States,zen86.cyberdemo.net,-,GET,/,1.1,-,403,1087,-,-,US,-,-,-,NA
1543851660,JSC,Block,162.88.252.186,United States,zen86.cyberdemo.net,-,GET,/,1.1,-,403,-,-,-,US,-,-,-,NA
1543851720,JSC,Block,162.88.252.140,United States,zen86.cyberdemo.net,-,GET,/,1.1,-,403,-,-,-,US,-,-,-,NA
1543851780,JSC,Block,162.88.252.134,United States,zen86.cyberdemo.net,-,GET,/,1.1,-,403,-,-,-,US,-,-,-,NA
1543851840,Access,-,162.88.252.186,United States,zen86.cyberdemo.net,-,GET,/,1.1,-,403,1086,-,-,US,-,-,-,NA
1543851900,Access,-,162.88.252.140,United States,zen86.cyberdemo.net,-,GET,/,1.1,-,403,1087,-,-,US,-,-,-,NA
1543851960,JSC,Block,162.88.252.167,United States,zen86.cyberdemo.net,-,GET,/vulnerabilities/exec?a=telnet.exe,1.1,-,403,-,-,-,US,-,-,-,NA
1543852020,Access,-,162.88.252.167,United States,zen86.cyberdemo.net,-,GET,/vulnerabilities/exec?a=telnet.exe,1.1,-,403,1087,-,-,US,-,-,-,NA
1543852080,JSC,Block,162.88.252.182,United States,zen86.cyberdemo.net,-,GET,/vulnerabilities/xss_d?ver=1.2.1));waitfordelay'0:0:4'--,1.1,-,403,-,-,-,US,-,-,-,NA
1543852140,Access,-,162.88.252.182,United States,zen86.cyberdemo.net,-,GET,/vulnerabilities/xss_d?ver=1.2.1));waitfordelay'0:0:4'--,1.1,-,403,1092,-,-,US,-,-,-,NA
1543852200,Access,-,162.88.252.133,United States,zen86.cyberdemo.net,-,GET,/,1.1,-,403,1087,-,-,US,-,-,-,NA
1543852260,Access,-,162.88.252.164,United States,zen86.cyberdemo.net,-,GET,/?american-express=342948562818002,1.1,-,403,1087,-,-,US,-,-,-,NA
1543852320,JSC,Block,162.88.252.133,United States,zen86.cyberdemo.net,-,GET,/,1.1,-,403,-,-,-,US,-,-,-,NA
1543852380,JSC,Block,162.88.252.164,United States,zen86.cyberdemo.net,-,GET,/?american-express=***************,1.1,-,403,-,-,-,US,-,-,-,NA
1543852440,JSC,Block,162.88.252.142,United States,zen86.cyberdemo.net,-,GET,/,1.1,-,403,-,-,-,US,-,-,-,NA
1543852500,JSC,Block,162.88.252.148,United States,zen86.cyberdemo.net,-,GET,/,1.1,-,403,-,-,-,US,-,-,-,NA
1543852560,Access,-,162.88.252.148,United States,zen86.cyberdemo.net,-,GET,/,1.1,-,403,1086,-,-,US,-,-,-,NA
1543852620,Access,-,162.88.252.142,United States,zen86.cyberdemo.net,-,GET,/,1.1,-,403,1087,-,-,US,-,-,-,NA
1543852680,Access,-,162.88.252.167,United States,zen86.cyberdemo.net,-,GET,/vulnerabilities/exec?a=telnet.exe,1.1,-,403,1087,-,-,US,-,-,-,NA
1543852740,JSC,Block,162.88.252.167,United States,zen86.cyberdemo.net,-,GET,/vulnerabilities/exec?a=telnet.exe,1.1,-,403,-,-,-,US,-,-,-,NA
1543852800,JSC,Block,162.88.252.153,United States,zen86.cyberdemo.net,-,GET,/vulnerabilities/weak_id?tag=/../../../../..//etc/passwd,1.1,-,403,-,-,-,US,-,-,-,NA
1543852860,Access,-,162.88.252.153,United States,zen86.cyberdemo.net,-,GET,/vulnerabilities/weak_id?tag=/../../../../..//etc/passwd,1.1,-,403,1087,-,-,US,-,-,-,NA
1543852920,JSC,Block,162.88.252.164,United States,zen86.cyberdemo.net,-,GET,/,1.1,-,403,-,-,-,US,-,-,-,NA
1543852980,JSC,Block,162.88.252.149,United States,zen86.cyberdemo.net,-,GET,/,1.1,-,403,-,-,-,US,-,-,-,NA
1543853040,Access,-,162.88.252.164,United States,zen86.cyberdemo.net,-,GET,/,1.1,-,403,1087,-,-,US,-,-,-,NA
1543853100,JSC,Block,162.88.252.154,United States,zen86.cyberdemo.net,-,GET,/,1.1,-,403,-,-,-,US,-,-,-,NA
1543853160,Access,-,162.88.252.149,United States,zen86.cyberdemo.net,-,GET,/,1.1,-,403,1087,-,-,US,-,-,-,NA
1543853220,Access,-,162.88.252.154,United States,zen86.cyberdemo.net,-,GET,/,1.1,-,403,1086,-,-,US,-,-,-,NA
1543853280,Access,-,162.88.252.173,United States,zen86.cyberdemo.net,-,GET,/vulnerabilities/exec?a=telnet.exe,1.1,-,403,2415,-,-,US,-,-,0.005,NA
1543853340,WAF Rules,Block,162.88.252.173,-,zen86.cyberdemo.net,"[{""id""=>""950002"", ""message""=>""System Command Access. Matched Data: telnet.exe found within ARGS:a: telnet.exe"", ""data""=>""Warning. Pattern match \""\\\\b(?:(?:n(?:map|et|c)|w(?:guest|sh)|telnet|rcmd|ftp)\\\\.exe\\\\b|cmd(?:(?:32)?\\\\.exe\\\\b|\\\\b\\\\W*?\\\\/c))\"" at ARGS:a.""}, {""id""=>""950006"", ""message""=>""System Command Injection"", ""data""=>""Access denied with code 403 (phase 2). Pattern match \""(?:\\\\b(?:(?:n(?:et(?:\\\\b\\\\W+?\\\\blocalgroup|\\\\.exe)|(?:map|c)\\\\.exe)|t(?:racer(?:oute|t)|elnet\\\\.exe|clsh8?|ftp)|(?:w(?:guest|sh)|rcmd|ftp)\\\\.exe|echo\\\\b\\\\W*?\\\\by+)\\\\b|c(?:md(?:(?:\\\\.exe|32)\\\\b|\\\\b\\\\W*?\\\\/c)|d(?:\\\\b\\\\W*?[\\\\/]|\\\\W*?\\\\.\\\\.)|hmod.{0,40}?\\\\ ...\"" at ARGS:a.""}]",GET,/vulnerabilities/exec?a=telnet.exe,HTTP/1.1,-,-,-,-,-,-,-,-,-,-
1543853400,Access,-,162.88.252.168,United States,zen86.cyberdemo.net,-,GET,/?american-express=342948562818002,1.1,-,403,1087,-,-,US,-,-,-,NA
1543853460,JSC,Block,162.88.252.168,United States,zen86.cyberdemo.net,-,GET,/?american-express=***************,1.1,-,403,-,-,-,US,-,-,-,NA
1543853520,Access,-,162.88.252.135,United States,zen86.cyberdemo.net,-,GET,/,1.1,-,403,1086,-,-,US,-,-,-,NA
1543853580,JSC,Block,162.88.252.135,United States,zen86.cyberdemo.net,-,GET,/,1.1,-,403,-,-,-,US,-,-,-,NA
1543853640,Access,-,162.88.252.160,United States,zen86.cyberdemo.net,-,GET,/,1.1,-,403,1086,-,-,US,-,-,-,NA
1543853700,JSC,Block,162.88.252.186,United States,zen86.cyberdemo.net,-,GET,/,1.1,-,403,-,-,-,US,-,-,-,NA
1543853760,JSC,Block,162.88.252.160,United States,zen86.cyberdemo.net,-,GET,/,1.1,-,403,-,-,-,US,-,-,-,NA
1543853820,Access,-,162.88.252.186,United States,zen86.cyberdemo.net,-,GET,/,1.1,-,403,1087,-,-,US,-,-,-,NA
1543853880,JSC,Block,91.198.22.133,United Kingdom,zen86.cyberdemo.net,-,GET,/,1.1,-,403,-,-,-,GB,-,-,-,EU
1543853940,JSC,Block,216.146.38.134,United States,zen86.cyberdemo.net,-,GET,/,1.1,-,403,-,-,-,US,-,-,-,NA
1543854000,Access,-,80.231.25.133,Finland,zen86.cyberdemo.net,-,GET,/,1.1,-,403,1085,-,-,EU,-,-,-,EU
1543854000,Access,-,80.231.25.133,Finland,zen86.cyberdemo.net,-,GET,/,1.1,-,403,1085,-,-,EU,-,-,-,EU
1543854060,Access Rules,Alert,91.198.22.133,United Kingdom,zen86.cyberdemo.net,-,GET,/,1.1,-,403,-,-,-,GB,gdpr,-,-,EU
1543854120,Access,-,216.146.38.134,United States,zen86.cyberdemo.net,-,GET,/,1.1,-,403,1086,-,-,US,-,-,-,NA
1543854180,Access,-,91.198.22.133,United Kingdom,zen86.cyberdemo.net,-,GET,/,1.1,-,403,1085,-,-,GB,-,-,-,EU
1543854240,JSC,Block,80.231.25.133,Finland,zen86.cyberdemo.net,-,GET,/,1.1,-,403,-,-,-,EU,-,-,-,EU
1543854240,JSC,Block,80.231.25.133,Finland,zen86.cyberdemo.net,-,GET,/,1.1,-,403,-,-,-,EU,-,-,-,EU
1543854300,Access,-,162.88.252.156,United States,zen86.cyberdemo.net,-,GET,/vulnerabilities/exec?a=telnet.exe,1.1,-,403,1087,-,-,US,-,-,-,NA
1543854360,JSC,Block,162.88.252.156,United States,zen86.cyberdemo.net,-,GET,/vulnerabilities/exec?a=telnet.exe,1.1,-,403,-,-,-,US,-,-,-,NA
1543854420,Access,-,162.88.252.185,United States,zen86.cyberdemo.net,-,GET,/vulnerabilities/xss_d?ver=1.2.1));waitfordelay'0:0:4'--,1.1,-,403,1092,-,-,US,-,-,-,NA
1543854480,JSC,Block,162.88.252.185,United States,zen86.cyberdemo.net,-,GET,/vulnerabilities/xss_d?ver=1.2.1));waitfordelay'0:0:4'--,1.1,-,403,-,-,-,US,-,-,-,NA
1543854540,Access,-,162.88.252.147,United States,zen86.cyberdemo.net,-,GET,/,1.1,-,403,1087,-,-,US,-,-,-,NA
1543854600,Access,-,162.88.252.185,United States,zen86.cyberdemo.net,-,GET,/,1.1,-,403,1087,-,-,US,-,-,-,NA
1543854660,Access,-,162.88.252.138,United States,zen86.cyberdemo.net,-,GET,/,1.1,-,403,1086,-,-,US,-,-,-,NA
1543854720,WAF Rules,Alert,162.88.252.146,-,zen86.cyberdemo.net,"[{""id""=>""981078"", ""data""=>""Warning. CC# match \""(?:^|[^\\d])(\\d{4}\\-?\\d{4}\\-?\\d{2}\\-?\\d{2}\\-?\\d{1,4})(?:[^\\d]|$)\"" at ARGS:american-express. [offset \""0\""]""}, {""id""=>""920009"", ""message""=>""American Express Credit Card Number detected in user input"", ""data""=>""Warning. CC# match \""(?:^|[^\\d])(3[47]\\d{2}\\-?\\d{4}\\-?\\d{2}\\-?\\d{2}\\-?\\d{3})(?:[^\\d]|$)\"" at ARGS:american-express. [offset \""0\""]""}, {""id""=>""90009"", ""message""=>""American Express Credit Card Number detected in user input"", ""data""=>""Warning. CC# match \""(?:^|[^\\d])(3[47]\\d{2}\\-?\\d{4}\\-?\\d{2}\\-?\\d{2}\\-?\\d{3})(?:[^\\d]|$)\"" at ARGS:american-express. [offset \""0\""]""}]",GET,/?american-express=***************,HTTP/1.1,-,-,-,-,-,-,-,-,-,-
1543854780,JSC,Block,162.88.252.138,United States,zen86.cyberdemo.net,-,GET,/,1.1,-,403,-,-,-,US,-,-,-,NA
1543854840,JSC,Block,162.88.252.147,United States,zen86.cyberdemo.net,-,GET,/,1.1,-,403,-,-,-,US,-,-,-,NA
1543854900,Access,-,162.88.252.146,United States,zen86.cyberdemo.net,-,GET,/?american-express=342948562818002,1.1,-,200,1082,NOTCACHED,-,US,-,165.227.250.169:80,3.537,NA
1543854960,JSC,Block,162.88.252.185,United States,zen86.cyberdemo.net,-,GET,/,1.1,-,403,-,-,-,US,-,-,-,NA
1543855020,Access,-,162.88.252.142,United States,zen86.cyberdemo.net,-,GET,/vulnerabilities/exec?a=telnet.exe,1.1,-,403,1086,-,-,US,-,-,-,NA
1543855080,JSC,Block,162.88.252.142,United States,zen86.cyberdemo.net,-,GET,/vulnerabilities/exec?a=telnet.exe,1.1,-,403,-,-,-,US,-,-,-,NA
1543855140,Access,-,162.88.252.128,United States,zen86.cyberdemo.net,-,GET,/vulnerabilities/weak_id?tag=/../../../../..//etc/passwd,1.1,-,403,1087,-,-,US,-,-,-,NA
1543855200,JSC,Block,162.88.252.128,United States,zen86.cyberdemo.net,-,GET,/vulnerabilities/weak_id?tag=/../../../../..//etc/passwd,1.1,-,403,-,-,-,US,-,-,-,NA
1543855260,JSC,Block,162.88.252.165,United States,zen86.cyberdemo.net,-,GET,/,1.1,-,403,-,-,-,US,-,-,-,NA
1543855320,JSC,Block,162.88.252.184,United States,zen86.cyberdemo.net,-,GET,/,1.1,-,403,-,-,-,US,-,-,-,NA
1543855380,JSC,Block,162.88.252.178,United States,zen86.cyberdemo.net,-,GET,/,1.1,-,403,-,-,-,US,-,-,-,NA
1543855440,Access,-,162.88.252.178,United States,zen86.cyberdemo.net,-,GET,/,1.1,-,403,1087,-,-,US,-,-,-,NA
1543855500,Access,-,162.88.252.165,United States,zen86.cyberdemo.net,-,GET,/,1.1,-,403,1086,-,-,US,-,-,-,NA
1543855560,Access,-,162.88.252.184,United States,zen86.cyberdemo.net,-,GET,/,1.1,-,403,1087,-,-,US,-,-,-,NA
1543855620,Access,-,162.88.252.157,United States,zen86.cyberdemo.net,-,GET,/vulnerabilities/exec?a=telnet.exe,1.1,-,403,1087,-,-,US,-,-,-,NA
1543855680,JSC,Block,162.88.252.157,United States,zen86.cyberdemo.net,-,GET,/vulnerabilities/exec?a=telnet.exe,1.1,-,403,-,-,-,US,-,-,-,NA
1543855740,Access,-,162.88.252.188,United States,zen86.cyberdemo.net,-,GET,/,1.1,-,200,1082,NOTCACHED,-,US,-,165.227.250.169:80,2.636,NA
1543855800,JSC,Block,162.88.252.181,United States,zen86.cyberdemo.net,-,GET,/,1.1,-,403,-,-,-,US,-,-,-,NA
1543855860,Access,-,162.88.252.181,United States,zen86.cyberdemo.net,-,GET,/,1.1,-,403,1086,-,-,US,-,-,-,NA
1543855920,JSC,Block,162.88.252.191,United States,zen86.cyberdemo.net,-,GET,/vulnerabilities/exec?a=telnet.exe,1.1,-,403,-,-,-,US,-,-,-,NA
1543855980,Access,-,162.88.252.191,United States,zen86.cyberdemo.net,-,GET,/vulnerabilities/exec?a=telnet.exe,1.1,-,403,1086,-,-,US,-,-,-,NA
1543856040,JSC,Block,162.88.252.171,United States,zen86.cyberdemo.net,-,GET,/,1.1,-,403,-,-,-,US,-,-,-,NA
1543856100,Access,-,162.88.252.171,United States,zen86.cyberdemo.net,-,GET,/,1.1,-,403,1086,-,-,US,-,-,-,NA
1543856160,Access,-,162.88.252.140,United States,zen86.cyberdemo.net,-,GET,/?american-express=342948562818002,1.1,-,403,1086,-,-,US,-,-,-,NA
1543856220,JSC,Block,162.88.252.140,United States,zen86.cyberdemo.net,-,GET,/?american-express=***************,1.1,-,403,-,-,-,US,-,-,-,NA
1543856280,Access,-,162.88.252.184,United States,zen86.cyberdemo.net,-,GET,/,1.1,-,403,1086,-,-,US,-,-,-,NA
1543856340,Access,-,162.88.252.158,United States,zen86.cyberdemo.net,-,GET,/,1.1,-,403,1086,-,-,US,-,-,-,NA
1543856400,Access,-,162.88.252.137,United States,zen86.cyberdemo.net,-,GET,/vulnerabilities/exec?a=telnet.exe,1.1,-,403,1087,-,-,US,-,-,-,NA
1543856460,JSC,Block,162.88.252.137,United States,zen86.cyberdemo.net,-,GET,/vulnerabilities/exec?a=telnet.exe,1.1,-,403,-,-,-,US,-,-,-,NA
1543856520,JSC,Block,162.88.252.158,United States,zen86.cyberdemo.net,-,GET,/,1.1,-,403,-,-,-,US,-,-,-,NA
1543856580,Access,-,162.88.252.187,United States,zen86.cyberdemo.net,-,GET,/,1.1,-,403,1086,-,-,US,-,-,-,NA
1543856640,JSC,Block,162.88.252.187,United States,zen86.cyberdemo.net,-,GET,/,1.1,-,403,-,-,-,US,-,-,-,NA
1543856700,JSC,Block,162.88.252.184,United States,zen86.cyberdemo.net,-,GET,/,1.1,-,403,-,-,-,US,-,-,-,NA
1543856760,Access,-,162.88.252.146,United States,zen86.cyberdemo.net,-,GET,/,1.1,-,200,1082,NOTCACHED,-,US,-,165.227.250.169:80,1.992,NA
1543856820,JSC,Block,162.88.252.147,United States,zen86.cyberdemo.net,-,GET,/,1.1,-,403,-,-,-,US,-,-,-,NA
1543856880,JSC,Block,162.88.252.148,United States,zen86.cyberdemo.net,-,GET,/vulnerabilities/xss_d?ver=1.2.1));waitfordelay'0:0:4'--,1.1,-,403,-,-,-,US,-,-,-,NA
1543856940,Access,-,162.88.252.147,United States,zen86.cyberdemo.net,-,GET,/,1.1,-,403,1086,-,-,US,-,-,-,NA
1543857000,Access,-,162.88.252.148,United States,zen86.cyberdemo.net,-,GET,/vulnerabilities/xss_d?ver=1.2.1));waitfordelay'0:0:4'--,1.1,-,403,1091,-,-,US,-,-,-,NA
1543857060,WAF Rules,Block,162.88.252.171,-,zen86.cyberdemo.net,"[{""id""=>""950005"", ""message""=>""Remote File Access Attempt. Matched Data: /etc/ found within ARGS:tag: /../../../../..//etc/passwd"", ""data""=>""Warning. Pattern match \""(?:\\\\b(?:\\\\.(?:ht(?:access|passwd|group)|www_?acl)|global\\\\.asa|httpd\\\\.conf|boot\\\\.ini)\\\\b|\\\\/etc\\\\/)\"" at ARGS:tag.""}, {""id""=>""960024"", ""message""=>""Meta-Character Anomaly Detection Alert - Repetative Non-Word Characters"", ""data""=>""Warning. Pattern match \""\\\\W{4,}\"" at ARGS:tag.""}, {""id""=>""950103"", ""message""=>""Path Traversal Attack. Matched variable: REQUEST_URI with value: /vulnerabilities/weak_id?tag=/../../../../..//etc/passwd"", ""data""=>""Access denied with code 403 (phase 2). Pattern match \""\\\\.\\\\.[/\\\\x5c]\"" at REQUEST_URI.""}]",GET,/vulnerabilities/weak_id?tag=/../../../../..//etc/passwd,HTTP/1.1,-,-,-,-,-,-,-,-,-,-
1543857120,Access,-,162.88.252.171,United States,zen86.cyberdemo.net,-,GET,/vulnerabilities/weak_id?tag=/../../../../..//etc/passwd,1.1,-,403,2415,-,-,US,-,-,0.006,NA
1543857180,JSC,Block,162.88.252.142,United States,zen86.cyberdemo.net,-,GET,/vulnerabilities/exec?a=telnet.exe,1.1,-,403,-,-,-,US,-,-,-,NA
1543857240,Access,-,162.88.252.142,United States,zen86.cyberdemo.net,-,GET,/vulnerabilities/exec?a=telnet.exe,1.1,-,403,1086,-,-,US,-,-,-,NA
1543857300,Access,-,162.88.252.189,United States,zen86.cyberdemo.net,-,GET,/,1.1,-,200,1082,NOTCACHED,-,US,-,165.227.250.169:80,2.601,NA
1543857360,Access,-,162.88.252.136,United States,zen86.cyberdemo.net,-,GET,/vulnerabilities/exec?a=telnet.exe,1.1,-,403,1086,-,-,US,-,-,-,NA
1543857420,JSC,Block,162.88.252.136,United States,zen86.cyberdemo.net,-,GET,/vulnerabilities/exec?a=telnet.exe,1.1,-,403,-,-,-,US,-,-,-,NA
1543857480,Access,-,162.88.252.184,United States,zen86.cyberdemo.net,-,GET,/?american-express=342948562818002,1.1,-,403,1086,-,-,US,-,-,-,NA
1543857540,JSC,Block,162.88.252.184,United States,zen86.cyberdemo.net,-,GET,/?american-express=***************,1.1,-,403,-,-,-,US,-,-,-,NA
1543857600,Access,-,162.88.252.164,United States,zen86.cyberdemo.net,-,GET,/,1.1,-,403,1087,-,-,US,-,-,-,NA
1543857660,JSC,Block,162.88.252.143,United States,zen86.cyberdemo.net,-,GET,/vulnerabilities/exec?a=telnet.exe,1.1,-,403,-,-,-,US,-,-,-,NA
1543857720,Access,-,162.88.252.136,United States,zen86.cyberdemo.net,-,GET,/,1.1,-,403,1086,-,-,US,-,-,-,NA
1543857780,Access,-,162.88.252.145,United States,zen86.cyberdemo.net,-,GET,/,1.1,-,403,1086,-,-,US,-,-,-,NA
1543857840,JSC,Block,162.88.252.164,United States,zen86.cyberdemo.net,-,GET,/,1.1,-,403,-,-,-,US,-,-,-,NA
1543857900,Access,-,162.88.252.143,United States,zen86.cyberdemo.net,-,GET,/vulnerabilities/exec?a=telnet.exe,1.1,-,403,1086,-,-,US,-,-,-,NA
1543857960,JSC,Block,162.88.252.136,United States,zen86.cyberdemo.net,-,GET,/,1.1,-,403,-,-,-,US,-,-,-,NA
1543858020,JSC,Block,162.88.252.145,United States,zen86.cyberdemo.net,-,GET,/,1.1,-,403,-,-,-,US,-,-,-,NA
1543858080,Access,-,162.88.252.171,United States,zen86.cyberdemo.net,-,GET,/,1.1,-,200,1082,NOTCACHED,-,US,-,165.227.250.169:80,1.953,NA
1543858140,Access,-,162.88.252.154,United States,zen86.cyberdemo.net,-,GET,/,1.1,-,200,1082,NOTCACHED,-,US,-,165.227.250.169:80,2.331,NA
1543858200,Access,-,162.88.252.167,United States,zen86.cyberdemo.net,-,GET,/vulnerabilities/xss_d?ver=1.2.1));waitfordelay'0:0:4'--,1.1,-,403,1091,-,-,US,-,-,-,NA
1543858260,JSC,Block,162.88.252.167,United States,zen86.cyberdemo.net,-,GET,/vulnerabilities/xss_d?ver=1.2.1));waitfordelay'0:0:4'--,1.1,-,403,-,-,-,US,-,-,-,NA
1543858320,JSC,Block,162.88.252.191,United States,zen86.cyberdemo.net,-,GET,/,1.1,-,403,-,-,-,US,-,-,-,NA
1543858380,Access,-,162.88.252.191,United States,zen86.cyberdemo.net,-,GET,/,1.1,-,403,1086,-,-,US,-,-,-,NA
1543858440,WAF Rules,Block,162.88.252.173,-,zen86.cyberdemo.net,"[{""id""=>""950002"", ""message""=>""System Command Access. Matched Data: telnet.exe found within ARGS:a: telnet.exe"", ""data""=>""Warning. Pattern match \""\\\\b(?:(?:n(?:map|et|c)|w(?:guest|sh)|telnet|rcmd|ftp)\\\\.exe\\\\b|cmd(?:(?:32)?\\\\.exe\\\\b|\\\\b\\\\W*?\\\\/c))\"" at ARGS:a.""}, {""id""=>""950006"", ""message""=>""System Command Injection"", ""data""=>""Access denied with code 403 (phase 2). Pattern match \""(?:\\\\b(?:(?:n(?:et(?:\\\\b\\\\W+?\\\\blocalgroup|\\\\.exe)|(?:map|c)\\\\.exe)|t(?:racer(?:oute|t)|elnet\\\\.exe|clsh8?|ftp)|(?:w(?:guest|sh)|rcmd|ftp)\\\\.exe|echo\\\\b\\\\W*?\\\\by+)\\\\b|c(?:md(?:(?:\\\\.exe|32)\\\\b|\\\\b\\\\W*?\\\\/c)|d(?:\\\\b\\\\W*?[\\\\/]|\\\\W*?\\\\.\\\\.)|hmod.{0,40}?\\\\ ...\"" at ARGS:a.""}]",GET,/vulnerabilities/exec?a=telnet.exe,HTTP/1.1,-,-,-,-,-,-,-,-,-,-
1543858500,Access,-,162.88.252.173,United States,zen86.cyberdemo.net,-,GET,/vulnerabilities/exec?a=telnet.exe,1.1,-,403,2415,-,-,US,-,-,0.005,NA
1543858560,JSC,Block,162.88.252.138,United States,zen86.cyberdemo.net,-,GET,/vulnerabilities/weak_id?tag=/../../../../..//etc/passwd,1.1,-,403,-,-,-,US,-,-,-,NA
1543858620,Access,-,162.88.252.138,United States,zen86.cyberdemo.net,-,GET,/vulnerabilities/weak_id?tag=/../../../../..//etc/passwd,1.1,-,403,1086,-,-,US,-,-,-,NA
1543858680,JSC,Block,162.88.252.147,United States,zen86.cyberdemo.net,-,GET,/?american-express=***************,1.1,-,403,-,-,-,US,-,-,-,NA
1543858740,Access,-,162.88.252.147,United States,zen86.cyberdemo.net,-,GET,/?american-express=342948562818002,1.1,-,403,1086,-,-,US,-,-,-,NA
1543858800,JSC,Block,162.88.252.181,United States,zen86.cyberdemo.net,-,GET,/vulnerabilities/exec?a=telnet.exe,1.1,-,403,-,-,-,US,-,-,-,NA
1543858860,Access,-,162.88.252.181,United States,zen86.cyberdemo.net,-,GET,/vulnerabilities/exec?a=telnet.exe,1.1,-,403,1086,-,-,US,-,-,-,NA
1543858920,JSC,Block,162.88.252.151,United States,zen86.cyberdemo.net,-,GET,/,1.1,-,403,-,-,-,US,-,-,-,NA
1543858980,JSC,Block,162.88.252.161,United States,zen86.cyberdemo.net,-,GET,/,1.1,-,403,-,-,-,US,-,-,-,NA
1543859040,Access,-,162.88.252.133,United States,zen86.cyberdemo.net,-,GET,/,1.1,-,200,1082,NOTCACHED,-,US,-,165.227.250.169:80,2.085,NA
1543859100,Access,-,162.88.252.151,United States,zen86.cyberdemo.net,-,GET,/,1.1,-,403,1086,-,-,US,-,-,-,NA
1543859160,Access,-,162.88.252.161,United States,zen86.cyberdemo.net,-,GET,/,1.1,-,403,1086,-,-,US,-,-,-,NA
1543859220,JSC,Block,162.88.252.130,United States,zen86.cyberdemo.net,-,GET,/vulnerabilities/exec?a=telnet.exe,1.1,-,403,-,-,-,US,-,-,-,NA
1543859280,Access,-,162.88.252.130,United States,zen86.cyberdemo.net,-,GET,/vulnerabilities/exec?a=telnet.exe,1.1,-,403,1086,-,-,US,-,-,-,NA
1543859340,Access,-,162.88.252.158,United States,zen86.cyberdemo.net,-,GET,/?american-express=342948562818002,1.1,-,403,1086,-,-,US,-,-,-,NA
1543859400,JSC,Block,162.88.252.158,United States,zen86.cyberdemo.net,-,GET,/?american-express=***************,1.1,-,403,-,-,-,US,-,-,-,NA
1543859460,Access,-,162.88.252.154,United States,zen86.cyberdemo.net,-,GET,/,1.1,-,200,1077,NOTCACHED,-,US,-,165.227.250.169:80,3.219,NA
1543859520,JSC,Block,162.88.252.174,United States,zen86.cyberdemo.net,-,GET,/,1.1,-,403,-,-,-,US,-,-,-,NA
1543859580,JSC,Block,162.88.252.165,United States,zen86.cyberdemo.net,-,GET,/,1.1,-,403,-,-,-,US,-,-,-,NA
1543859640,Access,-,162.88.252.174,United States,zen86.cyberdemo.net,-,GET,/,1.1,-,403,1086,-,-,US,-,-,-,NA
1543859700,Access,-,162.88.252.165,United States,zen86.cyberdemo.net,-,GET,/,1.1,-,403,1086,-,-,US,-,-,-,NA
1543859760,JSC,Block,162.88.252.145,United States,zen86.cyberdemo.net,-,GET,/vulnerabilities/exec?a=telnet.exe,1.1,-,403,-,-,-,US,-,-,-,NA
1543859820,JSC,Block,162.88.252.185,United States,zen86.cyberdemo.net,-,GET,/vulnerabilities/xss_d?ver=1.2.1));waitfordelay'0:0:4'--,1.1,-,403,-,-,-,US,-,-,-,NA
1543859880,Access,-,162.88.252.145,United States,zen86.cyberdemo.net,-,GET,/vulnerabilities/exec?a=telnet.exe,1.1,-,403,1086,-,-,US,-,-,-,NA
1543859940,Access,-,162.88.252.185,United States,zen86.cyberdemo.net,-,GET,/vulnerabilities/xss_d?ver=1.2.1));waitfordelay'0:0:4'--,1.1,-,403,1091,-,-,US,-,-,-,NA
1543860000,JSC,Block,162.88.252.156,United States,zen86.cyberdemo.net,-,GET,/,1.1,-,403,-,-,-,US,-,-,-,NA
1543860060,Access,-,162.88.252.181,United States,zen86.cyberdemo.net,-,GET,/vulnerabilities/weak_id?tag=/../../../../..//etc/passwd,1.1,-,403,1086,-,-,US,-,-,-,NA
1543860120,Access,-,162.88.252.156,United States,zen86.cyberdemo.net,-,GET,/,1.1,-,403,1086,-,-,US,-,-,-,NA
1543860180,JSC,Block,162.88.252.181,United States,zen86.cyberdemo.net,-,GET,/vulnerabilities/weak_id?tag=/../../../../..//etc/passwd,1.1,-,403,-,-,-,US,-,-,-,NA
1543860240,Access,-,162.88.252.166,United States,zen86.cyberdemo.net,-,GET,/,1.1,-,200,1081,NOTCACHED,-,US,-,165.227.250.169:80,2.478,NA
1543860300,JSC,Block,91.198.22.133,United Kingdom,zen86.cyberdemo.net,-,GET,/,1.1,-,403,-,-,-,GB,-,-,-,EU
1543860360,JSC,Block,162.88.252.136,United States,zen86.cyberdemo.net,-,GET,/vulnerabilities/exec?a=telnet.exe,1.1,-,403,-,-,-,US,-,-,-,NA
1543860420,Access,-,91.198.22.133,United Kingdom,zen86.cyberdemo.net,-,GET,/,1.1,-,403,1085,-,-,GB,-,-,-,EU
1543860480,Access,-,162.88.252.136,United States,zen86.cyberdemo.net,-,GET,/vulnerabilities/exec?a=telnet.exe,1.1,-,403,1086,-,-,US,-,-,-,NA
1543860540,Access Rules,Alert,91.198.22.133,United Kingdom,zen86.cyberdemo.net,-,GET,/,1.1,-,403,-,-,-,GB,gdpr,-,-,EU
1543860600,Access,-,162.88.252.174,United States,zen86.cyberdemo.net,-,GET,/?american-express=342948562818002,1.1,-,403,1086,-,-,US,-,-,-,NA
1543860660,Access,-,162.88.252.177,United States,zen86.cyberdemo.net,-,GET,/,1.1,-,403,1086,-,-,US,-,-,-,NA
1543860720,JSC,Block,162.88.252.177,United States,zen86.cyberdemo.net,-,GET,/,1.1,-,403,-,-,-,US,-,-,-,NA
1543860780,Access,-,80.231.25.133,Finland,zen86.cyberdemo.net,-,GET,/,1.1,-,403,1085,-,-,EU,-,-,-,EU
1543860780,Access,-,80.231.25.133,Finland,zen86.cyberdemo.net,-,GET,/,1.1,-,403,1085,-,-,EU,-,-,-,EU
1543860840,JSC,Block,216.146.38.134,United States,zen86.cyberdemo.net,-,GET,/,1.1,-,403,-,-,-,US,-,-,-,NA
1543860900,JSC,Block,80.231.25.133,Finland,zen86.cyberdemo.net,-,GET,/,1.1,-,403,-,-,-,EU,-,-,-,EU
1543860900,JSC,Block,80.231.25.133,Finland,zen86.cyberdemo.net,-,GET,/,1.1,-,403,-,-,-,EU,-,-,-,EU
1543860960,JSC,Block,162.88.252.174,United States,zen86.cyberdemo.net,-,GET,/?american-express=***************,1.1,-,403,-,-,-,US,-,-,-,NA
1543861020,Access,-,216.146.38.134,United States,zen86.cyberdemo.net,-,GET,/,1.1,-,403,1086,-,-,US,-,-,-,NA
1543861080,Access,-,162.88.252.130,United States,zen86.cyberdemo.net,-,GET,/,1.1,-,403,1087,-,-,US,-,-,-,NA
1543861140,JSC,Block,162.88.252.191,United States,zen86.cyberdemo.net,-,GET,/vulnerabilities/exec?a=telnet.exe,1.1,-,403,-,-,-,US,-,-,-,NA
1543861200,Access,-,162.88.252.191,United States,zen86.cyberdemo.net,-,GET,/vulnerabilities/exec?a=telnet.exe,1.1,-,403,1087,-,-,US,-,-,-,NA
1543861260,JSC,Block,162.88.252.130,United States,zen86.cyberdemo.net,-,GET,/,1.1,-,403,-,-,-,US,-,-,-,NA
1543861320,Access,-,162.88.252.183,United States,zen86.cyberdemo.net,-,GET,/,1.1,-,403,1087,-,-,US,-,-,-,NA
1543861380,JSC,Block,162.88.252.183,United States,zen86.cyberdemo.net,-,GET,/,1.1,-,403,-,-,-,US,-,-,-,NA
1543861440,JSC,Block,162.88.252.182,United States,zen86.cyberdemo.net,-,GET,/,1.1,-,403,-,-,-,US,-,-,-,NA
1543861500,Access,-,162.88.252.182,United States,zen86.cyberdemo.net,-,GET,/,1.1,-,403,1087,-,-,US,-,-,-,NA
1543861560,Access,-,162.88.252.137,United States,zen86.cyberdemo.net,-,GET,/vulnerabilities/xss_d?ver=1.2.1));waitfordelay'0:0:4'--,1.1,-,403,1092,-,-,US,-,-,-,NA
1543861620,JSC,Block,162.88.252.137,United States,zen86.cyberdemo.net,-,GET,/vulnerabilities/xss_d?ver=1.2.1));waitfordelay'0:0:4'--,1.1,-,403,-,-,-,US,-,-,-,NA
1543861680,Access,-,162.88.252.141,United States,zen86.cyberdemo.net,-,GET,/,1.1,-,403,1087,-,-,US,-,-,-,NA
1543861740,Access,-,162.88.252.182,United States,zen86.cyberdemo.net,-,GET,/?american-express=342948562818002,1.1,-,403,1087,-,-,US,-,-,-,NA
1543861800,JSC,Block,162.88.252.132,United States,zen86.cyberdemo.net,-,GET,/,1.1,-,403,-,-,-,US,-,-,-,NA
1543861860,JSC,Block,162.88.252.182,United States,zen86.cyberdemo.net,-,GET,/?american-express=***************,1.1,-,403,-,-,-,US,-,-,-,NA
1543861920,JSC,Block,162.88.252.141,United States,zen86.cyberdemo.net,-,GET,/,1.1,-,403,-,-,-,US,-,-,-,NA
1543861980,Access,-,162.88.252.145,United States,zen86.cyberdemo.net,-,GET,/vulnerabilities/exec?a=telnet.exe,1.1,-,403,1087,-,-,US,-,-,-,NA
1543862040,JSC,Block,162.88.252.160,United States,zen86.cyberdemo.net,-,GET,/,1.1,-,403,-,-,-,US,-,-,-,NA
1543862100,Access,-,162.88.252.132,United States,zen86.cyberdemo.net,-,GET,/,1.1,-,403,1087,-,-,US,-,-,-,NA
1543862160,Access,-,162.88.252.160,United States,zen86.cyberdemo.net,-,GET,/,1.1,-,403,1087,-,-,US,-,-,-,NA
1543862220,JSC,Block,162.88.252.145,United States,zen86.cyberdemo.net,-,GET,/vulnerabilities/exec?a=telnet.exe,1.1,-,403,-,-,-,US,-,-,-,NA
1543862280,Access,-,162.88.252.140,United States,zen86.cyberdemo.net,-,GET,/vulnerabilities/weak_id?tag=/../../../../..//etc/passwd,1.1,-,403,1087,-,-,US,-,-,-,NA
1543862340,JSC,Block,162.88.252.140,United States,zen86.cyberdemo.net,-,GET,/vulnerabilities/weak_id?tag=/../../../../..//etc/passwd,1.1,-,403,-,-,-,US,-,-,-,NA
1543862400,Access,-,162.88.252.178,United States,zen86.cyberdemo.net,-,GET,/vulnerabilities/exec?a=telnet.exe,1.1,-,403,1087,-,-,US,-,-,-,NA
1543862460,JSC,Block,162.88.252.155,United States,zen86.cyberdemo.net,-,GET,/,1.1,-,403,-,-,-,US,-,-,-,NA
1543862520,Access,-,162.88.252.155,United States,zen86.cyberdemo.net,-,GET,/,1.1,-,403,1087,-,-,US,-,-,-,NA
1543862580,JSC,Block,162.88.252.180,United States,zen86.cyberdemo.net,-,GET,/,1.1,-,403,-,-,-,US,-,-,-,NA
1543862640,Access,-,162.88.252.180,United States,zen86.cyberdemo.net,-,GET,/,1.1,-,403,1087,-,-,US,-,-,-,NA
1543862700,JSC,Block,162.88.252.178,United States,zen86.cyberdemo.net,-,GET,/vulnerabilities/exec?a=telnet.exe,1.1,-,403,-,-,-,US,-,-,-,NA
1543862760,Access,-,162.88.252.165,United States,zen86.cyberdemo.net,-,GET,/,1.1,-,403,1087,-,-,US,-,-,-,NA
1543862820,JSC,Block,162.88.252.165,United States,zen86.cyberdemo.net,-,GET,/,1.1,-,403,-,-,-,US,-,-,-,NA
1543862880,Access,-,162.88.252.188,United States,zen86.cyberdemo.net,-,GET,/,1.1,-,200,1082,NOTCACHED,-,US,-,165.227.250.169:80,2.57,NA
1543862940,JSC,Block,162.88.252.132,United States,zen86.cyberdemo.net,-,GET,/,1.1,-,403,-,-,-,US,-,-,-,NA
1543863000,Access,-,162.88.252.132,United States,zen86.cyberdemo.net,-,GET,/,1.1,-,403,1087,-,-,US,-,-,-,NA
1543863060,Access,-,162.88.252.181,United States,zen86.cyberdemo.net,-,GET,/?american-express=342948562818002,1.1,-,403,1087,-,-,US,-,-,-,NA
1543863120,JSC,Block,162.88.252.181,United States,zen86.cyberdemo.net,-,GET,/?american-express=***************,1.1,-,403,-,-,-,US,-,-,-,NA
1543863180,Access,-,162.88.252.167,United States,zen86.cyberdemo.net,-,GET,/vulnerabilities/exec?a=telnet.exe,1.1,-,403,1087,-,-,US,-,-,-,NA
1543863240,Access,-,162.88.252.176,United States,zen86.cyberdemo.net,-,GET,/,1.1,-,403,1087,-,-,US,-,-,-,NA
1543863300,JSC,Block,162.88.252.167,United States,zen86.cyberdemo.net,-,GET,/vulnerabilities/exec?a=telnet.exe,1.1,-,403,-,-,-,US,-,-,-,NA
1543863360,JSC,Block,162.88.252.176,United States,zen86.cyberdemo.net,-,GET,/,1.1,-,403,-,-,-,US,-,-,-,NA
1543863420,JSC,Block,162.88.252.152,United States,zen86.cyberdemo.net,-,GET,/vulnerabilities/xss_d?ver=1.2.1));waitfordelay'0:0:4'--,1.1,-,403,-,-,-,US,-,-,-,NA
1543863480,Access,-,162.88.252.152,United States,zen86.cyberdemo.net,-,GET,/vulnerabilities/xss_d?ver=1.2.1));waitfordelay'0:0:4'--,1.1,-,403,1092,-,-,US,-,-,-,NA
1543863540,JSC,Block,162.88.252.168,United States,zen86.cyberdemo.net,-,GET,/,1.1,-,403,-,-,-,US,-,-,-,NA
1543863600,Access,-,162.88.252.174,United States,zen86.cyberdemo.net,-,GET,/,1.1,-,403,1087,-,-,US,-,-,-,NA
1543863660,Access,-,162.88.252.168,United States,zen86.cyberdemo.net,-,GET,/,1.1,-,403,1087,-,-,US,-,-,-,NA
1543863720,JSC,Block,162.88.252.178,United States,zen86.cyberdemo.net,-,GET,/,1.1,-,403,-,-,-,US,-,-,-,NA
1543863780,JSC,Block,162.88.252.174,United States,zen86.cyberdemo.net,-,GET,/,1.1,-,403,-,-,-,US,-,-,-,NA
1543863840,Access,-,162.88.252.178,United States,zen86.cyberdemo.net,-,GET,/,1.1,-,403,1087,-,-,US,-,-,-,NA
1543863900,JSC,Block,162.88.252.159,United States,zen86.cyberdemo.net,-,GET,/vulnerabilities/exec?a=telnet.exe,1.1,-,403,-,-,-,US,-,-,-,NA
1543863960,Access,-,162.88.252.159,United States,zen86.cyberdemo.net,-,GET,/vulnerabilities/exec?a=telnet.exe,1.1,-,403,1087,-,-,US,-,-,-,NA
1543864020,JSC,Block,162.88.252.182,United States,zen86.cyberdemo.net,-,GET,/vulnerabilities/weak_id?tag=/../../../../..//etc/passwd,1.1,-,403,-,-,-,US,-,-,-,NA
1543864080,Access,-,162.88.252.146,United States,zen86.cyberdemo.net,-,GET,/,1.1,-,200,1082,NOTCACHED,-,US,-,165.227.250.169:80,2.979,NA
1543864140,JSC,Block,162.88.252.149,United States,zen86.cyberdemo.net,-,GET,/,1.1,-,403,-,-,-,US,-,-,-,NA
1543864200,Access,-,162.88.252.149,United States,zen86.cyberdemo.net,-,GET,/,1.1,-,403,1087,-,-,US,-,-,-,NA
1543864260,Access,-,162.88.252.150,United States,zen86.cyberdemo.net,-,GET,/vulnerabilities/exec?a=telnet.exe,1.1,-,403,1087,-,-,US,-,-,-,NA
1543864320,JSC,Block,162.88.252.150,United States,zen86.cyberdemo.net,-,GET,/vulnerabilities/exec?a=telnet.exe,1.1,-,403,-,-,-,US,-,-,-,NA
1543864380,Access,-,162.88.252.154,United States,zen86.cyberdemo.net,-,GET,/,1.1,-,403,1087,-,-,US,-,-,-,NA
1543864440,JSC,Block,162.88.252.177,United States,zen86.cyberdemo.net,-,GET,/vulnerabilities/exec?a=telnet.exe,1.1,-,403,-,-,-,US,-,-,-,NA
1543864500,Access,-,162.88.252.170,United States,zen86.cyberdemo.net,-,GET,/,1.1,-,403,1087,-,-,US,-,-,-,NA
1543864560,Access,-,162.88.252.128,United States,zen86.cyberdemo.net,-,GET,/,1.1,-,403,1087,-,-,US,-,-,-,NA
1543864620,Access,-,162.88.252.133,United States,zen86.cyberdemo.net,-,GET,/?american-express=342948562818002,1.1,-,403,1087,-,-,US,-,-,-,NA
1543864680,JSC,Block,162.88.252.154,United States,zen86.cyberdemo.net,-,GET,/,1.1,-,403,-,-,-,US,-,-,-,NA
1543864740,JSC,Block,162.88.252.133,United States,zen86.cyberdemo.net,-,GET,/?american-express=***************,1.1,-,403,-,-,-,US,-,-,-,NA
1543864800,JSC,Block,162.88.252.128,United States,zen86.cyberdemo.net,-,GET,/,1.1,-,403,-,-,-,US,-,-,-,NA
1543864860,JSC,Block,162.88.252.170,United States,zen86.cyberdemo.net,-,GET,/,1.1,-,403,-,-,-,US,-,-,-,NA
1543864920,Access,-,162.88.252.177,United States,zen86.cyberdemo.net,-,GET,/vulnerabilities/exec?a=telnet.exe,1.1,-,403,1087,-,-,US,-,-,-,NA
1543864980,JSC,Block,162.88.252.152,United States,zen86.cyberdemo.net,-,GET,/,1.1,-,403,-,-,-,US,-,-,-,NA
1543865040,Access,-,162.88.252.152,United States,zen86.cyberdemo.net,-,GET,/,1.1,-,403,1087,-,-,US,-,-,-,NA
1543865100,JSC,Block,162.88.252.139,United States,zen86.cyberdemo.net,-,GET,/vulnerabilities/weak_id?tag=/../../../../..//etc/passwd,1.1,-,403,-,-,-,US,-,-,-,NA
1543865160,Access,-,162.88.252.139,United States,zen86.cyberdemo.net,-,GET,/vulnerabilities/weak_id?tag=/../../../../..//etc/passwd,1.1,-,403,1087,-,-,US,-,-,-,NA
1543865220,Access,-,162.88.252.188,United States,zen86.cyberdemo.net,-,GET,/,1.1,-,200,1082,NOTCACHED,-,US,-,165.227.250.169:80,2.79,NA
1543865280,JSC,Block,162.88.252.131,United States,zen86.cyberdemo.net,-,GET,/,1.1,-,403,-,-,-,US,-,-,-,NA
1543865340,Access,-,162.88.252.174,United States,zen86.cyberdemo.net,-,GET,/vulnerabilities/xss_d?ver=1.2.1));waitfordelay'0:0:4'--,1.1,-,403,1092,-,-,US,-,-,-,NA
1543865400,Access,-,162.88.252.131,United States,zen86.cyberdemo.net,-,GET,/,1.1,-,403,1087,-,-,US,-,-,-,NA
1543865460,JSC,Block,162.88.252.174,United States,zen86.cyberdemo.net,-,GET,/vulnerabilities/xss_d?ver=1.2.1));waitfordelay'0:0:4'--,1.1,-,403,-,-,-,US,-,-,-,NA
1543865520,Access,-,162.88.252.184,United States,zen86.cyberdemo.net,-,GET,/vulnerabilities/exec?a=telnet.exe,1.1,-,403,1087,-,-,US,-,-,-,NA
1543865580,JSC,Block,162.88.252.184,United States,zen86.cyberdemo.net,-,GET,/vulnerabilities/exec?a=telnet.exe,1.1,-,403,-,-,-,US,-,-,-,NA
1543865640,Access,-,162.88.252.160,United States,zen86.cyberdemo.net,-,GET,/?american-express=342948562818002,1.1,-,403,1087,-,-,US,-,-,-,NA
1543865700,JSC,Block,162.88.252.160,United States,zen86.cyberdemo.net,-,GET,/?american-express=***************,1.1,-,403,-,-,-,US,-,-,-,NA
1543865760,JSC,Block,162.88.252.152,United States,zen86.cyberdemo.net,-,GET,/,1.1,-,403,-,-,-,US,-,-,-,NA
1543865820,JSC,Block,162.88.252.170,United States,zen86.cyberdemo.net,-,GET,/,1.1,-,403,-,-,-,US,-,-,-,NA
1543865880,Access,-,162.88.252.152,United States,zen86.cyberdemo.net,-,GET,/,1.1,-,403,1087,-,-,US,-,-,-,NA
1543865940,Access,-,162.88.252.170,United States,zen86.cyberdemo.net,-,GET,/,1.1,-,403,1087,-,-,US,-,-,-,NA
1543866000,Access,-,162.88.252.150,United States,zen86.cyberdemo.net,-,GET,/vulnerabilities/exec?a=telnet.exe,1.1,-,403,1087,-,-,US,-,-,-,NA
1543866060,JSC,Block,162.88.252.140,United States,zen86.cyberdemo.net,-,GET,/,1.1,-,403,-,-,-,US,-,-,-,NA
1543866120,JSC,Block,162.88.252.150,United States,zen86.cyberdemo.net,-,GET,/vulnerabilities/exec?a=telnet.exe,1.1,-,403,-,-,-,US,-,-,-,NA
1543866180,Access,-,162.88.252.140,United States,zen86.cyberdemo.net,-,GET,/,1.1,-,403,1087,-,-,US,-,-,-,NA
1543866240,JSC,Block,162.88.252.161,United States,zen86.cyberdemo.net,-,GET,/,1.1,-,403,-,-,-,US,-,-,-,NA
1543866300,Access,-,162.88.252.176,United States,zen86.cyberdemo.net,-,GET,/,1.1,-,403,1087,-,-,US,-,-,-,NA
1543866360,Access,-,162.88.252.161,United States,zen86.cyberdemo.net,-,GET,/,1.1,-,403,1087,-,-,US,-,-,-,NA
1543866420,JSC,Block,162.88.252.176,United States,zen86.cyberdemo.net,-,GET,/,1.1,-,403,-,-,-,US,-,-,-,NA
1543866480,Access,-,162.88.252.146,United States,zen86.cyberdemo.net,-,GET,/,1.1,-,403,1087,-,-,US,-,-,-,NA
1543866540,JSC,Block,162.88.252.146,United States,zen86.cyberdemo.net,-,GET,/,1.1,-,403,-,-,-,US,-,-,-,NA
1543866600,Access,-,162.88.252.163,United States,zen86.cyberdemo.net,-,GET,/vulnerabilities/exec?a=telnet.exe,1.1,-,403,1087,-,-,US,-,-,-,NA
1543866660,JSC,Block,162.88.252.163,United States,zen86.cyberdemo.net,-,GET,/vulnerabilities/exec?a=telnet.exe,1.1,-,403,-,-,-,US,-,-,-,NA
1543866720,Access,-,162.88.252.184,United States,zen86.cyberdemo.net,-,GET,/,1.1,-,403,1087,-,-,US,-,-,-,NA
1543866780,Access,-,162.88.252.181,United States,zen86.cyberdemo.net,-,GET,/,1.1,-,403,1087,-,-,US,-,-,-,NA
1543866840,JSC,Block,162.88.252.181,United States,zen86.cyberdemo.net,-,GET,/,1.1,-,403,-,-,-,US,-,-,-,NA
1543866900,JSC,Block,162.88.252.187,United States,zen86.cyberdemo.net,-,GET,/,1.1,-,403,-,-,-,US,-,-,-,NA
1543866960,JSC,Block,162.88.252.184,United States,zen86.cyberdemo.net,-,GET,/,1.1,-,403,-,-,-,US,-,-,-,NA
1543867020,Access,-,162.88.252.168,United States,zen86.cyberdemo.net,-,GET,/vulnerabilities/weak_id?tag=/../../../../..//etc/passwd,1.1,-,403,1087,-,-,US,-,-,-,NA
1543867080,JSC,Block,162.88.252.129,United States,zen86.cyberdemo.net,-,GET,/?american-express=***************,1.1,-,403,-,-,-,US,-,-,-,NA
1543867140,Access,-,162.88.252.129,United States,zen86.cyberdemo.net,-,GET,/?american-express=342948562818002,1.1,-,403,1087,-,-,US,-,-,-,NA
1543867200,JSC,Block,162.88.252.168,United States,zen86.cyberdemo.net,-,GET,/vulnerabilities/weak_id?tag=/../../../../..//etc/passwd,1.1,-,403,-,-,-,US,-,-,-,NA
1543867260,Access,-,162.88.252.187,United States,zen86.cyberdemo.net,-,GET,/,1.1,-,403,1087,-,-,US,-,-,-,NA
1543867320,Access,-,162.88.252.150,United States,zen86.cyberdemo.net,-,GET,/vulnerabilities/xss_d?ver=1.2.1));waitfordelay'0:0:4'--,1.1,-,403,1092,-,-,US,-,-,-,NA
1543867380,JSC,Block,162.88.252.150,United States,zen86.cyberdemo.net,-,GET,/vulnerabilities/xss_d?ver=1.2.1));waitfordelay'0:0:4'--,1.1,-,403,-,-,-,US,-,-,-,NA
1543867440,JSC,Block,162.88.252.178,United States,zen86.cyberdemo.net,-,GET,/vulnerabilities/exec?a=telnet.exe,1.1,-,403,-,-,-,US,-,-,-,NA
1543867500,Access,-,162.88.252.178,United States,zen86.cyberdemo.net,-,GET,/vulnerabilities/exec?a=telnet.exe,1.1,-,403,1087,-,-,US,-,-,-,NA
1543867560,Access,-,162.88.252.159,United States,zen86.cyberdemo.net,-,GET,/vulnerabilities/xss_d?ver=1.2.1));waitfordelay'0:0:4'--,1.1,-,403,1092,-,-,US,-,-,-,NA
1543867620,Access,-,162.88.252.141,United States,zen86.cyberdemo.net,-,GET,/,1.1,-,403,1087,-,-,US,-,-,-,NA
1543867680,JSC,Block,162.88.252.159,United States,zen86.cyberdemo.net,-,GET,/vulnerabilities/xss_d?ver=1.2.1));waitfordelay'0:0:4'--,1.1,-,403,-,-,-,US,-,-,-,NA
1543867740,Access,-,162.88.252.175,United States,zen86.cyberdemo.net,-,GET,/,1.1,-,200,1081,NOTCACHED,-,US,-,165.227.250.169:80,0.893,NA
1543867800,JSC,Block,162.88.252.141,United States,zen86.cyberdemo.net,-,GET,/,1.1,-,403,-,-,-,US,-,-,-,NA
1543867860,Access,-,162.88.252.191,United States,zen86.cyberdemo.net,-,GET,/,1.1,-,403,1087,-,-,US,-,-,-,NA
1543867920,JSC,Block,162.88.252.191,United States,zen86.cyberdemo.net,-,GET,/,1.1,-,403,-,-,-,US,-,-,-,NA
1543867980,Access,-,162.88.252.129,United States,zen86.cyberdemo.net,-,GET,/,1.1,-,403,1087,-,-,US,-,-,-,NA
1543868040,JSC,Block,162.88.252.129,United States,zen86.cyberdemo.net,-,GET,/,1.1,-,403,-,-,-,US,-,-,-,NA
1543868100,Access,-,162.88.252.168,United States,zen86.cyberdemo.net,-,GET,/vulnerabilities/exec?a=telnet.exe,1.1,-,403,1087,-,-,US,-,-,-,NA
1543868160,JSC,Block,162.88.252.168,United States,zen86.cyberdemo.net,-,GET,/vulnerabilities/exec?a=telnet.exe,1.1,-,403,-,-,-,US,-,-,-,NA
1543868220,Access,-,162.88.252.154,United States,zen86.cyberdemo.net,-,GET,/,1.1,-,403,1087,-,-,US,-,-,-,NA
1543868280,JSC,Block,162.88.252.154,United States,zen86.cyberdemo.net,-,GET,/,1.1,-,403,-,-,-,US,-,-,-,NA
1543868340,Access,-,162.88.252.166,United States,zen86.cyberdemo.net,-,GET,/,1.1,-,200,1080,NOTCACHED,-,US,-,165.227.250.169:80,0.992,NA
1543868400,JSC,Block,162.88.252.142,United States,zen86.cyberdemo.net,-,GET,/,1.1,-,403,-,-,-,US,-,-,-,NA
1543868460,Access,-,162.88.252.142,United States,zen86.cyberdemo.net,-,GET,/,1.1,-,403,1087,-,-,US,-,-,-,NA
1543868520,Access,-,162.88.252.143,United States,zen86.cyberdemo.net,-,GET,/vulnerabilities/exec?a=telnet.exe,1.1,-,403,1087,-,-,US,-,-,-,NA
1543868580,JSC,Block,162.88.252.143,United States,zen86.cyberdemo.net,-,GET,/vulnerabilities/exec?a=telnet.exe,1.1,-,403,-,-,-,US,-,-,-,NA
1543868640,Access,-,162.88.252.169,United States,zen86.cyberdemo.net,-,GET,/?american-express=342948562818002,1.1,-,403,1087,-,-,US,-,-,-,NA
1543868700,JSC,Block,162.88.252.169,United States,zen86.cyberdemo.net,-,GET,/?american-express=***************,1.1,-,403,-,-,-,US,-,-,-,NA
1543868760,JSC,Block,91.198.22.133,United Kingdom,zen86.cyberdemo.net,-,GET,/,1.1,-,403,-,-,-,GB,-,-,-,EU
1543868820,JSC,Block,162.88.252.141,United States,zen86.cyberdemo.net,-,GET,/,1.1,-,403,-,-,-,US,-,-,-,NA
1543868880,Access,-,162.88.252.183,United States,zen86.cyberdemo.net,-,GET,/,1.1,-,403,1087,-,-,US,-,-,-,NA
1543868940,JSC,Block,80.231.25.133,Finland,zen86.cyberdemo.net,-,GET,/,1.1,-,403,-,-,-,EU,-,-,-,EU
1543868940,JSC,Block,80.231.25.133,Finland,zen86.cyberdemo.net,-,GET,/,1.1,-,403,-,-,-,EU,-,-,-,EU
1543869000,Access,-,216.146.38.134,United States,zen86.cyberdemo.net,-,GET,/,1.1,-,403,2415,-,-,US,-,-,0.011,NA
1543869060,Access,-,162.88.252.187,United States,zen86.cyberdemo.net,-,GET,/vulnerabilities/exec?a=telnet.exe,1.1,-,403,1087,-,-,US,-,-,-,NA
1543869120,JSC,Block,162.88.252.183,United States,zen86.cyberdemo.net,-,GET,/,1.1,-,403,-,-,-,US,-,-,-,NA
1543869180,Access Rules,Alert,91.198.22.133,United Kingdom,zen86.cyberdemo.net,-,GET,/,1.1,-,403,-,-,-,GB,gdpr,-,-,EU
1543869240,Access,-,80.231.25.133,Finland,zen86.cyberdemo.net,-,GET,/,1.1,-,403,1085,-,-,EU,-,-,-,EU
1543869240,Access,-,80.231.25.133,Finland,zen86.cyberdemo.net,-,GET,/,1.1,-,403,1085,-,-,EU,-,-,-,EU
1543869300,Access,-,162.88.252.141,United States,zen86.cyberdemo.net,-,GET,/,1.1,-,403,1087,-,-,US,-,-,-,NA
1543869360,Access,-,91.198.22.133,United Kingdom,zen86.cyberdemo.net,-,GET,/,1.1,-,403,1084,-,-,GB,-,-,-,EU
1543869420,JSC,Block,162.88.252.187,United States,zen86.cyberdemo.net,-,GET,/vulnerabilities/exec?a=telnet.exe,1.1,-,403,-,-,-,US,-,-,-,NA
1543869480,WAF Rules,Block,216.146.38.134,-,zen86.cyberdemo.net.,"[{""id""=>""960015"", ""message""=>""A < GET > request to zen86.cyberdemo.net./ URI is missing an Accept Header"", ""data""=>""Warning. Operator EQ matched 0 at REQUEST_HEADERS.""}, {""id""=>""960009"", ""message""=>""Request Missing a User Agent Header"", ""data""=>""Access denied with code 403 (phase 2). Operator EQ matched 0 at REQUEST_HEADERS.""}]",GET,/,HTTP/1.1,-,-,-,-,-,-,-,-,-,-
1543869540,Access,-,162.88.252.130,United States,zen86.cyberdemo.net,-,GET,/,1.1,-,403,1087,-,-,US,-,-,-,NA
1543869600,Access,-,162.88.252.137,United States,zen86.cyberdemo.net,-,GET,/vulnerabilities/weak_id?tag=/../../../../..//etc/passwd,1.1,-,403,1087,-,-,US,-,-,-,NA
1543869660,Access,-,162.88.252.172,United States,zen86.cyberdemo.net,-,GET,/,1.1,-,200,1077,NOTCACHED,-,US,-,165.227.250.169:80,3.499,NA
1543869720,JSC,Block,162.88.252.130,United States,zen86.cyberdemo.net,-,GET,/,1.1,-,403,-,-,-,US,-,-,-,NA
1543869780,JSC,Block,162.88.252.137,United States,zen86.cyberdemo.net,-,GET,/vulnerabilities/weak_id?tag=/../../../../..//etc/passwd,1.1,-,403,-,-,-,US,-,-,-,NA
1543869840,Access,-,162.88.252.171,United States,zen86.cyberdemo.net,-,GET,/vulnerabilities/xss_d?ver=1.2.1));waitfordelay'0:0:4'--,1.1,-,403,1092,-,-,US,-,-,-,NA
1543869900,JSC,Block,162.88.252.171,United States,zen86.cyberdemo.net,-,GET,/vulnerabilities/xss_d?ver=1.2.1));waitfordelay'0:0:4'--,1.1,-,403,-,-,-,US,-,-,-,NA
1543869960,Access,-,162.88.252.163,United States,zen86.cyberdemo.net,-,GET,/vulnerabilities/exec?a=telnet.exe,1.1,-,403,1087,-,-,US,-,-,-,NA
1543870020,JSC,Block,162.88.252.163,United States,zen86.cyberdemo.net,-,GET,/vulnerabilities/exec?a=telnet.exe,1.1,-,403,-,-,-,US,-,-,-,NA
1543870080,Access,-,162.88.252.145,United States,zen86.cyberdemo.net,-,GET,/,1.1,-,403,1087,-,-,US,-,-,-,NA
1543870140,JSC,Block,162.88.252.145,United States,zen86.cyberdemo.net,-,GET,/,1.1,-,403,-,-,-,US,-,-,-,NA
1543870200,WAF Rules,Block,162.88.252.188,-,zen86.cyberdemo.net,"[{""id""=>""950002"", ""message""=>""System Command Access. Matched Data: telnet.exe found within ARGS:a: telnet.exe"", ""data""=>""Warning. Pattern match \""\\\\b(?:(?:n(?:map|et|c)|w(?:guest|sh)|telnet|rcmd|ftp)\\\\.exe\\\\b|cmd(?:(?:32)?\\\\.exe\\\\b|\\\\b\\\\W*?\\\\/c))\"" at ARGS:a.""}, {""id""=>""950006"", ""message""=>""System Command Injection"", ""data""=>""Access denied with code 403 (phase 2). Pattern match \""(?:\\\\b(?:(?:n(?:et(?:\\\\b\\\\W+?\\\\blocalgroup|\\\\.exe)|(?:map|c)\\\\.exe)|t(?:racer(?:oute|t)|elnet\\\\.exe|clsh8?|ftp)|(?:w(?:guest|sh)|rcmd|ftp)\\\\.exe|echo\\\\b\\\\W*?\\\\by+)\\\\b|c(?:md(?:(?:\\\\.exe|32)\\\\b|\\\\b\\\\W*?\\\\/c)|d(?:\\\\b\\\\W*?[\\\\/]|\\\\W*?\\\\.\\\\.)|hmod.{0,40}?\\\\ ...\"" at ARGS:a.""}]",GET,/vulnerabilities/exec?a=telnet.exe,HTTP/1.1,-,-,-,-,-,-,-,-,-,-
1543870260,Access,-,162.88.252.188,United States,zen86.cyberdemo.net,-,GET,/vulnerabilities/exec?a=telnet.exe,1.1,-,403,2415,-,-,US,-,-,0.006,NA
1543870320,Access,-,162.88.252.137,United States,zen86.cyberdemo.net,-,GET,/,1.1,-,403,1087,-,-,US,-,-,-,NA
1543870380,JSC,Block,162.88.252.191,United States,zen86.cyberdemo.net,-,GET,/,1.1,-,403,-,-,-,US,-,-,-,NA
1543870440,JSC,Block,162.88.252.137,United States,zen86.cyberdemo.net,-,GET,/,1.1,-,403,-,-,-,US,-,-,-,NA
1543870500,Access,-,162.88.252.191,United States,zen86.cyberdemo.net,-,GET,/,1.1,-,403,1087,-,-,US,-,-,-,NA
1543870560,Access,-,162.88.252.185,United States,zen86.cyberdemo.net,-,GET,/,1.1,-,403,1087,-,-,US,-,-,-,NA
1543870620,JSC,Block,162.88.252.185,United States,zen86.cyberdemo.net,-,GET,/,1.1,-,403,-,-,-,US,-,-,-,NA
1543870680,JSC,Block,162.88.252.171,United States,zen86.cyberdemo.net,-,GET,/vulnerabilities/exec?a=telnet.exe,1.1,-,403,-,-,-,US,-,-,-,NA
1543870740,Access,-,162.88.252.171,United States,zen86.cyberdemo.net,-,GET,/vulnerabilities/exec?a=telnet.exe,1.1,-,403,1087,-,-,US,-,-,-,NA
1543870800,JSC,Block,162.88.252.140,United States,zen86.cyberdemo.net,-,GET,/?american-express=***************,1.1,-,403,-,-,-,US,-,-,-,NA
1543870860,Access,-,162.88.252.140,United States,zen86.cyberdemo.net,-,GET,/?american-express=342948562818002,1.1,-,403,1087,-,-,US,-,-,-,NA
1543870920,Access,-,162.88.252.177,United States,zen86.cyberdemo.net,-,GET,/,1.1,-,403,1087,-,-,US,-,-,-,NA
1543870980,JSC,Block,162.88.252.177,United States,zen86.cyberdemo.net,-,GET,/,1.1,-,403,-,-,-,US,-,-,-,NA
1543871040,JSC,Block,162.88.252.176,United States,zen86.cyberdemo.net,-,GET,/vulnerabilities/weak_id?tag=/../../../../..//etc/passwd,1.1,-,403,-,-,-,US,-,-,-,NA
1543871100,Access,-,162.88.252.170,United States,zen86.cyberdemo.net,-,GET,/,1.1,-,403,1087,-,-,US,-,-,-,NA
1543871160,Access,-,162.88.252.137,United States,zen86.cyberdemo.net,-,GET,/,1.1,-,403,1087,-,-,US,-,-,-,NA
1543871220,JSC,Block,162.88.252.137,United States,zen86.cyberdemo.net,-,GET,/,1.1,-,403,-,-,-,US,-,-,-,NA
1543871280,JSC,Block,162.88.252.170,United States,zen86.cyberdemo.net,-,GET,/,1.1,-,403,-,-,-,US,-,-,-,NA
1543871340,Access,-,162.88.252.176,United States,zen86.cyberdemo.net,-,GET,/vulnerabilities/weak_id?tag=/../../../../..//etc/passwd,1.1,-,403,1087,-,-,US,-,-,-,NA
1543871400,Access,-,162.88.252.137,United States,zen86.cyberdemo.net,-,GET,/vulnerabilities/exec?a=telnet.exe,1.1,-,403,1087,-,-,US,-,-,-,NA
1543871460,JSC,Block,162.88.252.137,United States,zen86.cyberdemo.net,-,GET,/vulnerabilities/exec?a=telnet.exe,1.1,-,403,-,-,-,US,-,-,-,NA
1543871520,WAF Rules,Alert,162.88.252.129,-,zen86.cyberdemo.net,"[{""id""=>""981078"", ""data""=>""Warning. CC# match \""(?:^|[^\\d])(\\d{4}\\-?\\d{4}\\-?\\d{2}\\-?\\d{2}\\-?\\d{1,4})(?:[^\\d]|$)\"" at ARGS:american-express. [offset \""0\""]""}, {""id""=>""920009"", ""message""=>""American Express Credit Card Number detected in user input"", ""data""=>""Warning. CC# match \""(?:^|[^\\d])(3[47]\\d{2}\\-?\\d{4}\\-?\\d{2}\\-?\\d{2}\\-?\\d{3})(?:[^\\d]|$)\"" at ARGS:american-express. [offset \""0\""]""}, {""id""=>""90009"", ""message""=>""American Express Credit Card Number detected in user input"", ""data""=>""Warning. CC# match \""(?:^|[^\\d])(3[47]\\d{2}\\-?\\d{4}\\-?\\d{2}\\-?\\d{2}\\-?\\d{3})(?:[^\\d]|$)\"" at ARGS:american-express. [offset \""0\""]""}]",GET,/?american-express=***************,HTTP/1.1,-,-,-,-,-,-,-,-,-,-
1543871580,Access,-,162.88.252.129,United States,zen86.cyberdemo.net,-,GET,/?american-express=342948562818002,1.1,-,200,1081,NOTCACHED,-,US,-,165.227.250.169:80,1.598,NA
1543871640,JSC,Block,162.88.252.155,United States,zen86.cyberdemo.net,-,GET,/,1.1,-,403,-,-,-,US,-,-,-,NA
1543871700,Access,-,162.88.252.142,United States,zen86.cyberdemo.net,-,GET,/,1.1,-,403,1087,-,-,US,-,-,-,NA
1543871760,Access,-,162.88.252.137,United States,zen86.cyberdemo.net,-,GET,/,1.1,-,403,1087,-,-,US,-,-,-,NA
1543871820,JSC,Block,162.88.252.137,United States,zen86.cyberdemo.net,-,GET,/,1.1,-,403,-,-,-,US,-,-,-,NA
1543871880,JSC,Block,162.88.252.142,United States,zen86.cyberdemo.net,-,GET,/,1.1,-,403,-,-,-,US,-,-,-,NA
1543871940,Access,-,162.88.252.155,United States,zen86.cyberdemo.net,-,GET,/,1.1,-,403,1087,-,-,US,-,-,-,NA
1543872000,Access,-,162.88.252.170,United States,zen86.cyberdemo.net,-,GET,/vulnerabilities/exec?a=telnet.exe,1.1,-,403,1087,-,-,US,-,-,-,NA
1543872060,JSC,Block,162.88.252.170,United States,zen86.cyberdemo.net,-,GET,/vulnerabilities/exec?a=telnet.exe,1.1,-,403,-,-,-,US,-,-,-,NA
1543872120,JSC,Block,162.88.252.143,United States,zen86.cyberdemo.net,-,GET,/,1.1,-,403,-,-,-,US,-,-,-,NA
1543872180,JSC,Block,162.88.252.185,United States,zen86.cyberdemo.net,-,GET,/vulnerabilities/exec?a=telnet.exe,1.1,-,403,-,-,-,US,-,-,-,NA
1543872240,Access,-,162.88.252.185,United States,zen86.cyberdemo.net,-,GET,/vulnerabilities/exec?a=telnet.exe,1.1,-,403,1087,-,-,US,-,-,-,NA
1543872300,Access,-,162.88.252.190,United States,zen86.cyberdemo.net,-,GET,/,1.1,-,403,1087,-,-,US,-,-,-,NA
1543872360,Access,-,162.88.252.143,United States,zen86.cyberdemo.net,-,GET,/,1.1,-,403,1087,-,-,US,-,-,-,NA
1543872420,JSC,Block,162.88.252.190,United States,zen86.cyberdemo.net,-,GET,/,1.1,-,403,-,-,-,US,-,-,-,NA
1543872480,Access,-,162.88.252.171,United States,zen86.cyberdemo.net,-,GET,/,1.1,-,403,1087,-,-,US,-,-,-,NA
1543872540,JSC,Block,162.88.252.171,United States,zen86.cyberdemo.net,-,GET,/,1.1,-,403,-,-,-,US,-,-,-,NA
1543872600,Access,-,162.88.252.167,United States,zen86.cyberdemo.net,-,GET,/?american-express=342948562818002,1.1,-,403,1087,-,-,US,-,-,-,NA
1543872660,JSC,Block,162.88.252.167,United States,zen86.cyberdemo.net,-,GET,/?american-express=***************,1.1,-,403,-,-,-,US,-,-,-,NA
1543872720,JSC,Block,162.88.252.134,United States,zen86.cyberdemo.net,-,GET,/vulnerabilities/weak_id?tag=/../../../../..//etc/passwd,1.1,-,403,-,-,-,US,-,-,-,NA
1543872780,Access,-,162.88.252.134,United States,zen86.cyberdemo.net,-,GET,/vulnerabilities/weak_id?tag=/../../../../..//etc/passwd,1.1,-,403,1087,-,-,US,-,-,-,NA
1543872840,JSC,Block,162.88.252.151,United States,zen86.cyberdemo.net,-,GET,/vulnerabilities/exec?a=telnet.exe,1.1,-,403,-,-,-,US,-,-,-,NA
1543872900,Access,-,162.88.252.151,United States,zen86.cyberdemo.net,-,GET,/vulnerabilities/exec?a=telnet.exe,1.1,-,403,1087,-,-,US,-,-,-,NA
1543872960,JSC,Block,162.88.252.170,United States,zen86.cyberdemo.net,-,GET,/,1.1,-,403,-,-,-,US,-,-,-,NA
1543873020,JSC,Block,162.88.252.154,United States,zen86.cyberdemo.net,-,GET,/,1.1,-,403,-,-,-,US,-,-,-,NA
1543873080,JSC,Block,162.88.252.180,United States,zen86.cyberdemo.net,-,GET,/,1.1,-,403,-,-,-,US,-,-,-,NA
1543873140,Access,-,162.88.252.154,United States,zen86.cyberdemo.net,-,GET,/,1.1,-,403,1087,-,-,US,-,-,-,NA
1543873200,Access,-,162.88.252.170,United States,zen86.cyberdemo.net,-,GET,/,1.1,-,403,1087,-,-,US,-,-,-,NA
1543873260,Access,-,162.88.252.180,United States,zen86.cyberdemo.net,-,GET,/,1.1,-,403,1087,-,-,US,-,-,-,NA
1543873320,JSC,Block,162.88.252.174,United States,zen86.cyberdemo.net,-,GET,/vulnerabilities/xss_d?ver=1.2.1));waitfordelay'0:0:4'--,1.1,-,403,-,-,-,US,-,-,-,NA
1543873380,Access,-,162.88.252.174,United States,zen86.cyberdemo.net,-,GET,/vulnerabilities/xss_d?ver=1.2.1));waitfordelay'0:0:4'--,1.1,-,403,1092,-,-,US,-,-,-,NA
1543873440,Access,-,162.88.252.132,United States,zen86.cyberdemo.net,-,GET,/vulnerabilities/exec?a=telnet.exe,1.1,-,403,2415,-,-,US,-,-,0.005,NA
1543873500,WAF Rules,Block,162.88.252.132,-,zen86.cyberdemo.net,"[{""id""=>""950002"", ""message""=>""System Command Access. Matched Data: telnet.exe found within ARGS:a: telnet.exe"", ""data""=>""Warning. Pattern match \""\\\\b(?:(?:n(?:map|et|c)|w(?:guest|sh)|telnet|rcmd|ftp)\\\\.exe\\\\b|cmd(?:(?:32)?\\\\.exe\\\\b|\\\\b\\\\W*?\\\\/c))\"" at ARGS:a.""}, {""id""=>""950006"", ""message""=>""System Command Injection"", ""data""=>""Access denied with code 403 (phase 2). Pattern match \""(?:\\\\b(?:(?:n(?:et(?:\\\\b\\\\W+?\\\\blocalgroup|\\\\.exe)|(?:map|c)\\\\.exe)|t(?:racer(?:oute|t)|elnet\\\\.exe|clsh8?|ftp)|(?:w(?:guest|sh)|rcmd|ftp)\\\\.exe|echo\\\\b\\\\W*?\\\\by+)\\\\b|c(?:md(?:(?:\\\\.exe|32)\\\\b|\\\\b\\\\W*?\\\\/c)|d(?:\\\\b\\\\W*?[\\\\/]|\\\\W*?\\\\.\\\\.)|hmod.{0,40}?\\\\ ...\"" at ARGS:a.""}]",GET,/vulnerabilities/exec?a=telnet.exe,HTTP/1.1,-,-,-,-,-,-,-,-,-,-
1543873560,Access,-,162.88.252.162,United States,zen86.cyberdemo.net,-,GET,/vulnerabilities/exec?a=telnet.exe,1.1,-,403,2415,-,-,US,-,-,0.005,NA
1543873620,WAF Rules,Block,162.88.252.162,-,zen86.cyberdemo.net,"[{""id""=>""950002"", ""message""=>""System Command Access. Matched Data: telnet.exe found within ARGS:a: telnet.exe"", ""data""=>""Warning. Pattern match \""\\\\b(?:(?:n(?:map|et|c)|w(?:guest|sh)|telnet|rcmd|ftp)\\\\.exe\\\\b|cmd(?:(?:32)?\\\\.exe\\\\b|\\\\b\\\\W*?\\\\/c))\"" at ARGS:a.""}, {""id""=>""950006"", ""message""=>""System Command Injection"", ""data""=>""Access denied with code 403 (phase 2). Pattern match \""(?:\\\\b(?:(?:n(?:et(?:\\\\b\\\\W+?\\\\blocalgroup|\\\\.exe)|(?:map|c)\\\\.exe)|t(?:racer(?:oute|t)|elnet\\\\.exe|clsh8?|ftp)|(?:w(?:guest|sh)|rcmd|ftp)\\\\.exe|echo\\\\b\\\\W*?\\\\by+)\\\\b|c(?:md(?:(?:\\\\.exe|32)\\\\b|\\\\b\\\\W*?\\\\/c)|d(?:\\\\b\\\\W*?[\\\\/]|\\\\W*?\\\\.\\\\.)|hmod.{0,40}?\\\\ ...\"" at ARGS:a.""}]",GET,/vulnerabilities/exec?a=telnet.exe,HTTP/1.1,-,-,-,-,-,-,-,-,-,-
1543873680,Access,-,162.88.252.183,United States,zen86.cyberdemo.net,-,GET,/,1.1,-,200,1077,NOTCACHED,-,US,-,165.227.250.169:80,8.66,NA
1543873740,JSC,Block,162.88.252.135,United States,zen86.cyberdemo.net,-,GET,/,1.1,-,403,-,-,-,US,-,-,-,NA
1543873800,JSC,Block,162.88.252.154,United States,zen86.cyberdemo.net,-,GET,/,1.1,-,403,-,-,-,US,-,-,-,NA
1543873860,JSC,Block,162.88.252.131,United States,zen86.cyberdemo.net,-,GET,/,1.1,-,403,-,-,-,US,-,-,-,NA
1543873920,Access,-,162.88.252.154,United States,zen86.cyberdemo.net,-,GET,/,1.1,-,403,1087,-,-,US,-,-,-,NA
1543873980,Access,-,162.88.252.131,United States,zen86.cyberdemo.net,-,GET,/,1.1,-,403,1087,-,-,US,-,-,-,NA
1543874040,Access,-,162.88.252.135,United States,zen86.cyberdemo.net,-,GET,/,1.1,-,403,1087,-,-,US,-,-,-,NA
1543874100,JSC,Block,162.88.252.134,United States,zen86.cyberdemo.net,-,GET,/?american-express=***************,1.1,-,403,-,-,-,US,-,-,-,NA
1543874160,Access,-,162.88.252.134,United States,zen86.cyberdemo.net,-,GET,/?american-express=342948562818002,1.1,-,403,1087,-,-,US,-,-,-,NA
1543874220,Access,-,162.88.252.179,United States,zen86.cyberdemo.net,-,GET,/vulnerabilities/exec?a=telnet.exe,1.1,-,403,2415,-,-,US,-,-,0.005,NA
1543874280,WAF Rules,Block,162.88.252.179,-,zen86.cyberdemo.net,"[{""id""=>""950002"", ""message""=>""System Command Access. Matched Data: telnet.exe found within ARGS:a: telnet.exe"", ""data""=>""Warning. Pattern match \""\\\\b(?:(?:n(?:map|et|c)|w(?:guest|sh)|telnet|rcmd|ftp)\\\\.exe\\\\b|cmd(?:(?:32)?\\\\.exe\\\\b|\\\\b\\\\W*?\\\\/c))\"" at ARGS:a.""}, {""id""=>""950006"", ""message""=>""System Command Injection"", ""data""=>""Access denied with code 403 (phase 2). Pattern match \""(?:\\\\b(?:(?:n(?:et(?:\\\\b\\\\W+?\\\\blocalgroup|\\\\.exe)|(?:map|c)\\\\.exe)|t(?:racer(?:oute|t)|elnet\\\\.exe|clsh8?|ftp)|(?:w(?:guest|sh)|rcmd|ftp)\\\\.exe|echo\\\\b\\\\W*?\\\\by+)\\\\b|c(?:md(?:(?:\\\\.exe|32)\\\\b|\\\\b\\\\W*?\\\\/c)|d(?:\\\\b\\\\W*?[\\\\/]|\\\\W*?\\\\.\\\\.)|hmod.{0,40}?\\\\ ...\"" at ARGS:a.""}]",GET,/vulnerabilities/exec?a=telnet.exe,HTTP/1.1,-,-,-,-,-,-,-,-,-,-
1543874340,Access,-,162.88.252.190,United States,zen86.cyberdemo.net,-,GET,/vulnerabilities/weak_id?tag=/../../../../..//etc/passwd,1.1,-,403,2415,-,-,US,-,-,0.006,NA
1543874400,WAF Rules,Block,162.88.252.190,-,zen86.cyberdemo.net,"[{""id""=>""950005"", ""message""=>""Remote File Access Attempt. Matched Data: /etc/ found within ARGS:tag: /../../../../..//etc/passwd"", ""data""=>""Warning. Pattern match \""(?:\\\\b(?:\\\\.(?:ht(?:access|passwd|group)|www_?acl)|global\\\\.asa|httpd\\\\.conf|boot\\\\.ini)\\\\b|\\\\/etc\\\\/)\"" at ARGS:tag.""}, {""id""=>""960024"", ""message""=>""Meta-Character Anomaly Detection Alert - Repetative Non-Word Characters"", ""data""=>""Warning. Pattern match \""\\\\W{4,}\"" at ARGS:tag.""}, {""id""=>""950103"", ""message""=>""Path Traversal Attack. Matched variable: REQUEST_URI with value: /vulnerabilities/weak_id?tag=/../../../../..//etc/passwd"", ""data""=>""Access denied with code 403 (phase 2). Pattern match \""\\\\.\\\\.[/\\\\x5c]\"" at REQUEST_URI.""}]",GET,/vulnerabilities/weak_id?tag=/../../../../..//etc/passwd,HTTP/1.1,-,-,-,-,-,-,-,-,-,-
1543874460,JSC,Block,162.88.252.135,United States,zen86.cyberdemo.net,-,GET,/,1.1,-,403,-,-,-,US,-,-,-,NA
1543874520,Access,-,162.88.252.135,United States,zen86.cyberdemo.net,-,GET,/,1.1,-,403,1087,-,-,US,-,-,-,NA
1543874580,Access,-,162.88.252.168,United States,zen86.cyberdemo.net,-,GET,/,1.1,-,403,1087,-,-,US,-,-,-,NA
1543874640,JSC,Block,162.88.252.168,United States,zen86.cyberdemo.net,-,GET,/,1.1,-,403,-,-,-,US,-,-,-,NA
1543874700,JSC,Block,162.88.252.135,United States,zen86.cyberdemo.net,-,GET,/vulnerabilities/exec?a=telnet.exe,1.1,-,403,-,-,-,US,-,-,-,NA
1543874760,Access,-,162.88.252.135,United States,zen86.cyberdemo.net,-,GET,/vulnerabilities/exec?a=telnet.exe,1.1,-,403,1087,-,-,US,-,-,-,NA
1543874820,WAF Rules,Alert,162.88.252.190,-,zen86.cyberdemo.net,"[{""id""=>""981240"", ""message""=>""Detects MySQL comments, conditions and ch(a)r injections"", ""data""=>""Warning. Pattern match \""(?i:(?:\\\\)\\\\s*?when\\\\s*?\\\\d+\\\\s*?then)|(?:[\\\""'`\\xc2\\xb4\\xe2\\x80\\x99\\xe2\\x80\\x98]\\\\s*?(?:#|--|{))|(?:\\\\/\\\\*!\\\\s?\\\\d+)|(?:ch(?:a)?r\\\\s*?\\\\(\\\\s*?\\\\d)|(?:(?:(n?and|x?x?or|div|like|between|and|not)\\\\s+|\\\\|\\\\||\\\\&\\\\&)\\\\s*?\\\\w+\\\\())\"" at ARGS:ver.""}, {""id""=>""981254"", ""message""=>""Detects Postgres pg_sleep injection, waitfor delay attacks and database shutdown attempts"", ""data""=>""Warning. Pattern match \""(?i:(?:select\\\\s*?pg_sleep)|(?:waitfor\\\\s*?delay\\\\s?[\\\""'`\\xc2\\xb4\\xe2\\x80\\x99\\xe2\\x80\\x98]+\\\\s?\\\\d)|(?:;\\\\s*?shutdown\\\\s*?(?:;|--|#|\\\\/\\\\*|{)))\"" at ARGS:ver.""}, {""id""=>""981231"", ""message""=>""SQL Comment Sequence Detected."", ""data""=>""Warning. Pattern match \""(/\\\\*!?|\\\\*/|[';]--|--[\\\\s\\\\r\\\\n\\\\v\\\\f]|(?:--[^-]*?-)|([^\\\\-&])#.*?[\\\\s\\\\r\\\\n\\\\v\\\\f]|;?\\\\x00)\"" at ARGS:ver.""}, {""id""=>""981173"", ""message""=>""Restricted SQL Character Anomaly Detection Alert - Total # of special characters exceeded"", ""data""=>""Warning. Pattern match \""([\\\\~\\\\!\\\\@\\\\#\\\\$\\\\%\\\\^\\\\&\\\\*\\\\(\\\\)\\\\-\\\\+\\\\=\\\\{\\\\}\\\\[\\\\]\\\\|\\\\:\\\\;\\\""\\\\'\\\\\\xc2\\xb4\\\\\\xe2\\x80\\x99\\\\\\xe2\\x80\\x98\\\\`\\\\<\\\\>].*?){4,}\"" at ARGS:ver.""}]",GET,/vulnerabilities/xss_d?ver=1.2.1));waitfordelay'0:0:4'--,HTTP/1.1,-,-,-,-,-,-,-,-,-,-
1543874880,Access,-,162.88.252.190,United States,zen86.cyberdemo.net,-,GET,/vulnerabilities/xss_d?ver=1.2.1));waitfordelay'0:0:4'--,1.1,-,200,987,NOTCACHED,-,US,-,165.227.250.169:80,4.615,NA
1543874940,Access,-,162.88.252.145,United States,zen86.cyberdemo.net,-,GET,/,1.1,-,200,1082,NOTCACHED,-,US,-,165.227.250.169:80,2.831,NA
1543875000,JSC,Block,162.88.252.161,United States,zen86.cyberdemo.net,-,GET,/,1.1,-,403,-,-,-,US,-,-,-,NA
1543875060,Access,-,162.88.252.161,United States,zen86.cyberdemo.net,-,GET,/,1.1,-,403,1087,-,-,US,-,-,-,NA
1543875120,JSC,Block,162.88.252.140,United States,zen86.cyberdemo.net,-,GET,/?american-express=***************,1.1,-,403,-,-,-,US,-,-,-,NA
1543875180,Access,-,162.88.252.140,United States,zen86.cyberdemo.net,-,GET,/?american-express=342948562818002,1.1,-,403,1087,-,-,US,-,-,-,NA
1543875240,Access,-,162.88.252.129,United States,zen86.cyberdemo.net,-,GET,/vulnerabilities/exec?a=telnet.exe,1.1,-,403,1087,-,-,US,-,-,-,NA
1543875300,JSC,Block,162.88.252.129,United States,zen86.cyberdemo.net,-,GET,/vulnerabilities/exec?a=telnet.exe,1.1,-,403,-,-,-,US,-,-,-,NA
1543875360,Access,-,162.88.252.164,United States,zen86.cyberdemo.net,-,GET,/,1.1,-,403,1087,-,-,US,-,-,-,NA
1543875420,JSC,Block,162.88.252.164,United States,zen86.cyberdemo.net,-,GET,/,1.1,-,403,-,-,-,US,-,-,-,NA
1543875480,JSC,Block,80.231.25.133,Finland,zen86.cyberdemo.net,-,GET,/,1.1,-,403,-,-,-,EU,-,-,-,EU
1543875480,JSC,Block,80.231.25.133,Finland,zen86.cyberdemo.net,-,GET,/,1.1,-,403,-,-,-,EU,-,-,-,EU
1543875540,Access Rules,Alert,91.198.22.133,United Kingdom,zen86.cyberdemo.net,-,GET,/,1.1,-,403,-,-,-,GB,gdpr,-,-,EU
1543875600,Access,-,91.198.22.133,United Kingdom,zen86.cyberdemo.net,-,GET,/,1.1,-,403,2415,-,-,GB,-,-,0.014,EU
1543875660,Access,-,80.231.25.133,Finland,zen86.cyberdemo.net,-,GET,/,1.1,-,403,1085,-,-,EU,-,-,-,EU
1543875660,Access,-,80.231.25.133,Finland,zen86.cyberdemo.net,-,GET,/,1.1,-,403,1085,-,-,EU,-,-,-,EU
1543875720,WAF Rules,Block,91.198.22.133,-,zen86.cyberdemo.net.,"[{""id""=>""960015"", ""message""=>""A < GET > request to zen86.cyberdemo.net./ URI is missing an Accept Header"", ""data""=>""Warning. Operator EQ matched 0 at REQUEST_HEADERS.""}, {""id""=>""960009"", ""message""=>""Request Missing a User Agent Header"", ""data""=>""Access denied with code 403 (phase 2). Operator EQ matched 0 at REQUEST_HEADERS.""}]",GET,/,HTTP/1.1,-,-,-,-,-,-,-,-,-,-
1543875780,WAF Rules,Block,216.146.38.134,-,zen86.cyberdemo.net.,"[{""id""=>""960015"", ""message""=>""A < GET > request to zen86.cyberdemo.net./ URI is missing an Accept Header"", ""data""=>""Warning. Operator EQ matched 0 at REQUEST_HEADERS.""}, {""id""=>""960009"", ""message""=>""Request Missing a User Agent Header"", ""data""=>""Access denied with code 403 (phase 2). Operator EQ matched 0 at REQUEST_HEADERS.""}]",GET,/,HTTP/1.1,-,-,-,-,-,-,-,-,-,-
1543875840,Access,-,216.146.38.134,United States,zen86.cyberdemo.net,-,GET,/,1.1,-,403,2415,-,-,US,-,-,0.005,NA
1543875900,JSC,Block,162.88.252.178,United States,zen86.cyberdemo.net,-,GET,/vulnerabilities/exec?a=telnet.exe,1.1,-,403,-,-,-,US,-,-,-,NA
1543875960,Access,-,162.88.252.178,United States,zen86.cyberdemo.net,-,GET,/vulnerabilities/exec?a=telnet.exe,1.1,-,403,1087,-,-,US,-,-,-,NA
1543876020,Access,-,162.88.252.158,United States,zen86.cyberdemo.net,-,GET,/,1.1,-,403,1087,-,-,US,-,-,-,NA
1543876080,JSC,Block,162.88.252.158,United States,zen86.cyberdemo.net,-,GET,/,1.1,-,403,-,-,-,US,-,-,-,NA
1543876140,JSC,Block,162.88.252.165,United States,zen86.cyberdemo.net,-,GET,/,1.1,-,403,-,-,-,US,-,-,-,NA
1543876200,JSC,Block,162.88.252.172,United States,zen86.cyberdemo.net,-,GET,/,1.1,-,403,-,-,-,US,-,-,-,NA
1543876260,Access,-,162.88.252.165,United States,zen86.cyberdemo.net,-,GET,/,1.1,-,403,1087,-,-,US,-,-,-,NA
1543876320,Access,-,162.88.252.139,United States,zen86.cyberdemo.net,-,GET,/,1.1,-,200,1082,NOTCACHED,-,US,-,165.227.250.169:80,2.171,NA
1543876380,Access,-,162.88.252.172,United States,zen86.cyberdemo.net,-,GET,/,1.1,-,403,1087,-,-,US,-,-,-,NA
1543876440,Access,-,162.88.252.185,United States,zen86.cyberdemo.net,-,GET,/vulnerabilities/exec?a=telnet.exe,1.1,-,403,1087,-,-,US,-,-,-,NA
1543876500,JSC,Block,162.88.252.181,United States,zen86.cyberdemo.net,-,GET,/?american-express=***************,1.1,-,403,-,-,-,US,-,-,-,NA
1543876560,JSC,Block,162.88.252.149,United States,zen86.cyberdemo.net,-,GET,/vulnerabilities/weak_id?tag=/../../../../..//etc/passwd,1.1,-,403,-,-,-,US,-,-,-,NA
1543876620,Access,-,162.88.252.181,United States,zen86.cyberdemo.net,-,GET,/?american-express=342948562818002,1.1,-,403,1087,-,-,US,-,-,-,NA
1543876680,JSC,Block,162.88.252.185,United States,zen86.cyberdemo.net,-,GET,/vulnerabilities/exec?a=telnet.exe,1.1,-,403,-,-,-,US,-,-,-,NA
1543876740,Access,-,162.88.252.149,United States,zen86.cyberdemo.net,-,GET,/vulnerabilities/weak_id?tag=/../../../../..//etc/passwd,1.1,-,403,1087,-,-,US,-,-,-,NA
1543876800,Access,-,162.88.252.183,United States,zen86.cyberdemo.net,-,GET,/,1.1,-,200,1082,NOTCACHED,-,US,-,165.227.250.169:80,2.868,NA
1543876860,Access,-,162.88.252.162,United States,zen86.cyberdemo.net,-,GET,/,1.1,-,200,1082,NOTCACHED,-,US,-,165.227.250.169:80,1.228,NA
1543876920,Access,-,162.88.252.136,United States,zen86.cyberdemo.net,-,GET,/vulnerabilities/exec?a=telnet.exe,1.1,-,403,1087,-,-,US,-,-,-,NA
1543876980,JSC,Block,162.88.252.136,United States,zen86.cyberdemo.net,-,GET,/vulnerabilities/exec?a=telnet.exe,1.1,-,403,-,-,-,US,-,-,-,NA
1543877040,WAF Rules,Alert,162.88.252.187,-,zen86.cyberdemo.net,"[{""id""=>""981078"", ""data""=>""Warning. CC# match \""(?:^|[^\\d])(\\d{4}\\-?\\d{4}\\-?\\d{2}\\-?\\d{2}\\-?\\d{1,4})(?:[^\\d]|$)\"" at ARGS:american-express. [offset \""0\""]""}, {""id""=>""920009"", ""message""=>""American Express Credit Card Number detected in user input"", ""data""=>""Warning. CC# match \""(?:^|[^\\d])(3[47]\\d{2}\\-?\\d{4}\\-?\\d{2}\\-?\\d{2}\\-?\\d{3})(?:[^\\d]|$)\"" at ARGS:american-express. [offset \""0\""]""}, {""id""=>""90009"", ""message""=>""American Express Credit Card Number detected in user input"", ""data""=>""Warning. CC# match \""(?:^|[^\\d])(3[47]\\d{2}\\-?\\d{4}\\-?\\d{2}\\-?\\d{2}\\-?\\d{3})(?:[^\\d]|$)\"" at ARGS:american-express. [offset \""0\""]""}]",GET,/?american-express=***************,HTTP/1.1,-,-,-,-,-,-,-,-,-,-
1543877100,Access,-,162.88.252.187,United States,zen86.cyberdemo.net,-,GET,/?american-express=342948562818002,1.1,-,200,1082,NOTCACHED,-,US,-,165.227.250.169:80,1.367,NA
1543877160,WAF Rules,Block,162.88.252.179,-,zen86.cyberdemo.net,"[{""id""=>""950002"", ""message""=>""System Command Access. Matched Data: telnet.exe found within ARGS:a: telnet.exe"", ""data""=>""Warning. Pattern match \""\\\\b(?:(?:n(?:map|et|c)|w(?:guest|sh)|telnet|rcmd|ftp)\\\\.exe\\\\b|cmd(?:(?:32)?\\\\.exe\\\\b|\\\\b\\\\W*?\\\\/c))\"" at ARGS:a.""}, {""id""=>""950006"", ""message""=>""System Command Injection"", ""data""=>""Access denied with code 403 (phase 2). Pattern match \""(?:\\\\b(?:(?:n(?:et(?:\\\\b\\\\W+?\\\\blocalgroup|\\\\.exe)|(?:map|c)\\\\.exe)|t(?:racer(?:oute|t)|elnet\\\\.exe|clsh8?|ftp)|(?:w(?:guest|sh)|rcmd|ftp)\\\\.exe|echo\\\\b\\\\W*?\\\\by+)\\\\b|c(?:md(?:(?:\\\\.exe|32)\\\\b|\\\\b\\\\W*?\\\\/c)|d(?:\\\\b\\\\W*?[\\\\/]|\\\\W*?\\\\.\\\\.)|hmod.{0,40}?\\\\ ...\"" at ARGS:a.""}]",GET,/vulnerabilities/exec?a=telnet.exe,HTTP/1.1,-,-,-,-,-,-,-,-,-,-
1543877220,Access,-,162.88.252.179,United States,zen86.cyberdemo.net,-,GET,/vulnerabilities/exec?a=telnet.exe,1.1,-,403,2415,-,-,US,-,-,0.006,NA
1543877280,JSC,Block,162.88.252.136,United States,zen86.cyberdemo.net,-,GET,/vulnerabilities/xss_d?ver=1.2.1));waitfordelay'0:0:4'--,1.1,-,403,-,-,-,US,-,-,-,NA
1543877340,Access,-,162.88.252.136,United States,zen86.cyberdemo.net,-,GET,/vulnerabilities/xss_d?ver=1.2.1));waitfordelay'0:0:4'--,1.1,-,403,1092,-,-,US,-,-,-,NA
1543877400,JSC,Block,162.88.252.184,United States,zen86.cyberdemo.net,-,GET,/,1.1,-,403,-,-,-,US,-,-,-,NA
1543877460,JSC,Block,162.88.252.191,United States,zen86.cyberdemo.net,-,GET,/,1.1,-,403,-,-,-,US,-,-,-,NA
1543877520,JSC,Block,162.88.252.173,United States,zen86.cyberdemo.net,-,GET,/,1.1,-,403,-,-,-,US,-,-,-,NA
1543877580,Access,-,162.88.252.184,United States,zen86.cyberdemo.net,-,GET,/,1.1,-,403,1086,-,-,US,-,-,-,NA
1543877640,Access,-,162.88.252.191,United States,zen86.cyberdemo.net,-,GET,/,1.1,-,403,1087,-,-,US,-,-,-,NA
1543877700,Access,-,162.88.252.173,United States,zen86.cyberdemo.net,-,GET,/,1.1,-,403,1087,-,-,US,-,-,-,NA
1543877760,Access,-,162.88.252.177,United States,zen86.cyberdemo.net,-,GET,/vulnerabilities/exec?a=telnet.exe,1.1,-,403,1087,-,-,US,-,-,-,NA
1543877820,Access,-,162.88.252.170,United States,zen86.cyberdemo.net,-,GET,/vulnerabilities/weak_id?tag=/../../../../..//etc/passwd,1.1,-,403,1086,-,-,US,-,-,-,NA
1543877880,Access,-,162.88.252.187,United States,zen86.cyberdemo.net,-,GET,/,1.1,-,200,1082,NOTCACHED,-,US,-,165.227.250.169:80,2.678,NA
1543877940,JSC,Block,162.88.252.148,United States,zen86.cyberdemo.net,-,GET,/,1.1,-,403,-,-,-,US,-,-,-,NA
1543878000,Access,-,162.88.252.189,United States,zen86.cyberdemo.net,-,GET,/,1.1,-,403,1086,-,-,US,-,-,-,NA
1543878060,Access,-,162.88.252.148,United States,zen86.cyberdemo.net,-,GET,/,1.1,-,403,1087,-,-,US,-,-,-,NA
1543878120,JSC,Block,162.88.252.170,United States,zen86.cyberdemo.net,-,GET,/vulnerabilities/weak_id?tag=/../../../../..//etc/passwd,1.1,-,403,-,-,-,US,-,-,-,NA
1543878180,JSC,Block,162.88.252.177,United States,zen86.cyberdemo.net,-,GET,/vulnerabilities/exec?a=telnet.exe,1.1,-,403,-,-,-,US,-,-,-,NA
1543878240,JSC,Block,162.88.252.189,United States,zen86.cyberdemo.net,-,GET,/,1.1,-,403,-,-,-,US,-,-,-,NA
1543878300,Access,-,162.88.252.131,United States,zen86.cyberdemo.net,-,GET,/vulnerabilities/exec?a=telnet.exe,1.1,-,403,1086,-,-,US,-,-,-,NA
1543878360,JSC,Block,162.88.252.131,United States,zen86.cyberdemo.net,-,GET,/vulnerabilities/exec?a=telnet.exe,1.1,-,403,-,-,-,US,-,-,-,NA
1543878420,JSC,Block,162.88.252.191,United States,zen86.cyberdemo.net,-,GET,/?american-express=***************,1.1,-,403,-,-,-,US,-,-,-,NA
1543878480,JSC,Block,162.88.252.161,United States,zen86.cyberdemo.net,-,GET,/,1.1,-,403,-,-,-,US,-,-,-,NA
1543878540,Access,-,162.88.252.191,United States,zen86.cyberdemo.net,-,GET,/?american-express=342948562818002,1.1,-,403,1086,-,-,US,-,-,-,NA
1543878600,Access,-,162.88.252.146,United States,zen86.cyberdemo.net,-,GET,/,1.1,-,200,1082,NOTCACHED,-,US,-,165.227.250.169:80,2.859,NA
1543878660,Access,-,162.88.252.161,United States,zen86.cyberdemo.net,-,GET,/,1.1,-,403,1086,-,-,US,-,-,-,NA
1543878720,JSC,Block,162.88.252.131,United States,zen86.cyberdemo.net,-,GET,/,1.1,-,403,-,-,-,US,-,-,-,NA
1543878780,JSC,Block,162.88.252.180,United States,zen86.cyberdemo.net,-,GET,/,1.1,-,403,-,-,-,US,-,-,-,NA
1543878840,Access,-,162.88.252.131,United States,zen86.cyberdemo.net,-,GET,/,1.1,-,403,1086,-,-,US,-,-,-,NA
1543878900,JSC,Block,162.88.252.159,United States,zen86.cyberdemo.net,-,GET,/,1.1,-,403,-,-,-,US,-,-,-,NA
1543878960,Access,-,162.88.252.180,United States,zen86.cyberdemo.net,-,GET,/,1.1,-,403,1086,-,-,US,-,-,-,NA
1543879020,Access,-,162.88.252.159,United States,zen86.cyberdemo.net,-,GET,/,1.1,-,403,1086,-,-,US,-,-,-,NA
1543879080,Access,-,162.88.252.173,United States,zen86.cyberdemo.net,-,GET,/,1.1,-,200,1082,NOTCACHED,-,US,-,165.227.250.169:80,2.123,NA
